,A,C,D,E,F,G,H,I,K,L,M,N,P,Q,R,S,T,V,W,Y
M1,0.729838015,0.034547648,0.073667431,-0.880065025,0.563421486,-0.338313084,-0.199898384,-0.076029437,0.753464649,0.261196879,0,-0.37700632,0.807024766,-2.214259953,0.747536265,0.335866216,0.697339924,0.382947535,-0.661540371,-0.797357888
A2,0,-1.391789543,1.263669803,0.698734363,0.594904337,-0.04921783,0.984978991,-0.038155879,-0.081211133,0.441089643,-1.847601572,2.479712444,-0.359663771,-2.323127104,0.126722174,-0.816116172,0.138327407,0.08461952,-1.724405085,-0.56374193
L3,-1.834606825,-1.213895378,-2.585061571,-0.766857166,-0.44977133,-0.774991068,0.557715892,0.727570571,0.609820383,0,0.305372522,-0.560304653,-0.756705257,-0.263248294,0.053566625,0.084220957,0.672262581,0.417361487,0.881429651,-1.174627616
T4,0.742723046,-1.410777978,-2.244027314,1.277850833,0.467559407,-0.895147312,-0.230095291,0.493698917,0.855208878,-1.653830642,0.99757909,-0.899301539,-0.763615542,1.452390966,0.3342291,-0.032459176,0,0.262852014,-0.925122084,-0.686629081
N5,-0.493140426,-2.639820961,0.373416246,0.099350488,-0.657783008,-0.072736364,0.019991758,-0.090037013,0.99594374,-0.461839365,-1.694431484,0,0.620660496,-1.17769892,0.705547173,-0.518358739,-0.978797131,-0.201465285,-0.951673418,-0.624580473
N6,-1.510798635,-0.088529148,1.114567604,0.198514627,-0.632969061,-0.717174044,-1.349877525,-1.108409586,1.964301069,-1.636367535,-0.532121443,0,0.433343044,0.28144232,-1.329604187,0.584585062,0.02421899,0.055520385,-1.390152492,-0.125633747
L7,-0.310936184,0.498673378,0.980392039,-0.732932223,0.08816094,-1.156274231,-0.656119131,-0.425655247,0.324505575,0,-1.410514281,-1.608430553,0.184255244,-4.350298696,-0.931861517,-0.345418264,0.871485668,-0.2857957,0.41531832,0.076000656
W8,-0.285520257,0.575207955,-2.978706183,-0.053588403,0.389278485,1.028498364,1.205497508,0.015471357,1.229251069,0.177456161,-0.236798325,-0.600833657,1.608441037,0.97993628,-0.26437964,0.364247807,0.648728584,-0.478684571,0,-0.494169561
A9,0,0.016803652,0.258113671,0.051206712,-0.21073522,0.765212161,0.611499601,-1.655360227,0.051877303,-1.202467916,-0.525611599,-2.620682221,1.401480587,1.308848928,0.412711624,-0.727614029,0.829024163,0.23905037,-1.431209147,-1.4898621
F10,-0.370482555,-1.350172141,-1.240431143,0.549343806,0,0.142930554,0.284152641,-0.135818304,-2.244458011,-0.132495529,1.100203567,-3.078527954,-1.279119408,-1.081219537,0.401715197,0.585931763,-0.171406278,-0.413569238,-1.375216638,0.30491399
V11,0.544444563,-0.631272203,-6.075785723,0.135263081,-1.017051846,0.822227759,-4.127191584,-0.626510841,-3.051506783,-0.087506376,0.385060524,-2.014977692,-0.225475433,-1.82876005,-1.350712288,0.404382951,0.044725583,0,0.493385666,-3.699287317
F12,-0.185256825,-0.488801156,-1.873352646,-3.921802581,0,0.382197244,-0.515719556,-1.240379457,-5.93392645,0.431278153,-1.003464447,-1.724504318,-3.120911808,-0.269560526,-3.145204123,-0.214078044,-2.007612504,0.283570278,-1.010665576,-1.469748622
G13,-0.593649177,-3.882110111,-3.836138897,-0.228013633,-2.585520662,0,-4.023075096,-2.144867614,-5.089915273,-0.734292565,-4.098731464,0.051281364,-7.009643735,-2.144426349,-0.712806149,-0.178990375,-0.605501836,-0.125307003,-3.611884683,-0.129471293
I14,-1.771977349,-1.502760917,-3.803441193,-1.783551649,-2.937399955,0.01546716,-2.14242122,0,-5.993985112,-0.669487822,-2.014304425,-2.529113035,-1.915313637,-5.183229791,-3.43625391,-1.503236669,0.471039905,0.492361412,-0.526270131,-2.218303265
L15,-0.838538764,-0.914110128,-4.647964212,-1.37700713,-0.620640042,-0.286000967,-1.794926185,-0.682752997,-0.374298255,0,-1.057196052,-1.91191613,-1.403849478,-1.816043529,-6.2259381,-0.47958063,0.154981546,0.044226776,-0.508315757,-3.037707774
G16,-0.333564663,0.128296677,-2.06881513,-3.229524461,-3.950675177,0,0.533121641,-1.902914248,-3.084733891,-0.847367365,-0.140580494,-0.723788575,-4.134433339,-1.945925589,-2.718307923,0.873993,-0.117079008,0.903391,-2.897412878,-5.965623463
N17,-0.471703304,0.454236462,0.747642622,-0.874089231,-1.913390865,-1.267711109,-0.8752253,0.334218683,-0.686578298,-1.386548815,0.214339808,0,-1.466228073,1.115749705,-1.331894359,0.34437641,0.220749758,-1.576382353,-0.697100622,0.024706676
I18,0.098149402,0.026032264,-4.508502445,-2.790241506,-0.746116261,-0.701218583,-2.433966726,0,-8.767653929,0.036482184,-0.28592797,-2.437197984,-5.19032706,-1.629178959,-4.426877861,-0.370502474,0.211550723,-0.269448928,-1.614023725,-4.411789543
I19,-0.390733067,1.400228819,-1.223059949,0.329602582,-1.122988267,0.195927299,-2.275670592,0,-4.881806147,-0.179145078,-0.305481041,0.675720844,-2.535775532,-1.136161929,-5.380533378,-0.03136398,0.842498629,0.043345142,0.786624309,-1.560169744
S20,-0.445524664,-2.043522878,-0.144698113,-1.532925764,-4.643071987,0.035177823,-4.436584086,-3.513497238,-4.764941914,0.631412398,-2.313467754,1.22122013,-1.571198267,0.61125948,-0.252125528,0,0.972061328,-0.748333726,-2.165996127,-0.839130827
F21,0.23963844,-0.653068299,-0.25373245,-1.906281572,0,-0.261510885,-4.306473813,-0.288957695,-2.128021293,0.402418699,-0.487513705,0.346110673,-1.138293754,-2.905784957,-3.288379347,-0.120303453,-1.535431886,-1.023973649,-1.211063667,0.241028558
V22,-0.074656657,-0.21825152,-4.044733563,-6.198529687,-0.402090871,-0.131662506,-3.442341683,-0.104084857,-1.694489759,-0.044205582,0.56056579,-2.670859688,-1.855043973,-4.216791283,-2.610568776,-0.890764761,-0.344222337,0,0.380923015,-1.082918677
V23,0.578304666,0.158457299,-1.676917557,0.230539737,1.128140179,-0.43528804,-0.839307178,-0.584285576,-0.124860258,-0.775500869,0.221842957,-0.157523048,-2.118831334,-4.133493483,-1.3502329,0.236717817,-1.90382369,0,0.2403016,-0.422402276
F24,-0.37385933,-1.309345117,-1.41440402,-0.299435927,0,0.038002199,-2.509545382,0.372674544,-2.769832607,0.479962934,-2.621689895,-2.928203038,-2.846280951,1.038089896,-0.814049012,-0.166540608,-0.496261293,-0.019592871,-1.173570191,0.881920542
L25,0.805728459,-1.274426494,-3.255335918,-3.358243332,-0.479768411,0.170512525,-0.40060286,-0.554588426,-2.936048242,0,-0.034957809,-0.548648523,-3.560136678,-1.653124771,-3.504417648,-0.3948767,0.040970287,1.471021617,0.719464334,-0.441622274
A26,0,0.077632922,0.982924639,0.395060127,-3.541606371,-0.744466462,-0.773448887,0.957661071,-2.571090457,-2.180199777,-0.266571666,-1.362938695,-2.541397322,-0.818434702,-1.821658962,-0.786526445,0.26495652,-0.373459312,-3.919733895,-1.626167906
P27,0.320725857,-0.322958302,0.221024885,-0.757007607,-1.603696704,-0.564839743,1.08283984,-2.501214716,-0.98803508,-2.582554663,-4.429435766,-3.14575376,0,1.08208923,-0.350885342,-0.567460769,-0.091524054,-1.19168164,-3.981646885,-3.924089906
V28,0.702607457,-1.168267598,-2.402731979,-2.310073766,0.45734356,-0.07170593,-4.413288116,1.501657011,-0.342581125,0.168070313,0.15367585,-1.532713555,-4.255553885,-2.345310016,-1.42606251,-0.080546024,-0.525317977,0,-1.401787798,-1.300155679
P29,0.419511907,0.060846924,-0.664096625,0.439679169,0.579283847,-0.527179951,0.530245396,1.365437598,-0.415425043,-1.163094468,0.716408229,-1.46981777,0,-0.628689302,-1.040129093,0.215400823,-0.00228478,0.026103418,-0.395471878,-4.293942891
T30,0.940927189,-1.046277568,-2.993887043,-0.581320525,-1.31952457,-1.31910683,-3.466964268,0.101029747,-1.234576774,-2.45412118,-0.942433239,-0.287022375,-1.417950977,-3.855449561,0.222445872,-0.907524882,0,0.403407841,-0.145645519,-2.648711805
F31,-1.074176058,-0.855831948,-3.612127154,-2.965163056,0,-4.497544493,-0.263728161,0.140902208,-6.741033027,-0.086695844,-0.221195307,-3.236247275,-4.644090294,-3.052347186,-2.957546645,-1.707115681,-0.628480895,0.404988963,-0.701699502,0.977599118
V32,-0.266998737,-0.285055262,-0.686816456,-1.206698123,-1.148285698,-1.479216013,-0.644278572,0.764082937,-1.265796003,0.237136179,-0.821677512,0.525985412,-1.475811947,-0.316554817,-0.01937551,-0.563620558,0.795746071,0,0.729998455,-1.429532355
R33,-1.101271722,-4.237395499,-2.645629199,-0.98289336,-1.263219215,-0.53008187,-0.396972904,0.271645785,0.447039478,-1.119165028,-0.041709559,0.022919776,-0.378050309,0.336165338,0,-2.332107339,-1.726586932,-1.545721145,-1.241429476,-3.734168611
I34,-2.01485164,-0.577111693,-3.855827713,-2.574047048,-1.363900751,-3.84594897,-4.270014546,0,-1.658428757,-1.01899795,0.07282054,-4.428525535,-7.29709988,-4.023012015,-1.269177153,-2.512648876,0.018815792,-0.17356044,-2.962665085,-2.906794349
C35,-1.298798485,0,-4.428977846,-2.007200009,0.196820565,-1.287741413,-1.29137492,0.206192838,0.894640651,-0.160096268,-0.507571571,-1.240547753,-4.160175824,1.498390883,-0.813408733,-0.564702314,-0.082622606,-0.914961465,-0.488809924,-0.197166818
K36,-0.734611695,-1.900755155,-4.29795331,-0.018516976,-1.497809275,-0.757798661,0.058913549,-1.946018436,0,0.117455456,-0.949718334,-0.425225657,-3.586285435,-1.074933542,0.075728981,-1.192464119,0.791438507,-0.367970396,-1.043695783,-2.147911037
K37,-0.665075705,-1.737480542,1.711059325,-0.070559021,-1.086512208,-0.760878808,-2.24983279,-1.892327423,0,-0.461562439,-1.727204412,-0.269792938,-3.595744094,-0.168701652,-0.417033531,-0.743351586,-0.564002656,-0.706972501,0.287624724,-0.384350592
K38,-0.51504395,-0.84192888,-1.322166831,-0.327504451,-0.671387658,-1.059289374,-2.951676881,-1.500648681,0,-1.624689684,-1.500368469,-0.669149535,-2.847051729,0.357255105,-0.238138475,-0.062406258,-0.693712666,-2.232595907,-3.403200611,-0.480836622
S39,0.402880675,-1.59188074,0.483323314,0.712113431,-3.986811542,-0.363604229,-0.605912278,0.366368821,-0.312954584,0.468768089,-2.852099866,0.000280168,0.166432259,1.310997834,-0.0515325,0,-0.291001897,-0.410387654,0.760748756,-0.294223232
T40,0.291659428,-0.495925888,-1.92371625,0.857263949,-2.292494115,-2.228364867,-1.218077571,-0.464727651,-4.788457539,-1.431653331,-0.31291809,0.215311914,-1.910279246,-0.880886555,-1.100889961,-1.000521542,0,-1.149624158,-0.713312733,-1.322871796
E41,0.440136475,0.323206382,0.539222982,0,-2.444245157,0.835257482,0.454220206,-1.129358199,1.391539021,0.064286926,0.27984652,-1.17706708,-1.612758097,0.380624755,-0.015203164,0.397932468,0.876829173,-1.277566546,-1.993802573,-0.249315966
G42,1.45958001,-0.382776865,1.520183733,0.083559552,-1.416217317,0,0.539303354,-0.408050246,0.087721209,0.195035083,0.39646983,-2.159344361,-4.147905193,0.312660259,-0.075685544,0.126265241,-1.063710949,0.31693202,-0.578656414,-0.964349062
F43,-1.388191112,-1.351048508,-1.725255027,-1.781642577,0,-0.587692225,-4.470793834,-0.692500609,-4.755753135,-0.283627779,-2.28019554,-3.344822031,-3.240132944,-3.468784813,-1.052704282,0.373212341,1.054659693,-0.604796342,0.443881812,0.577010421
Q44,0.990913338,0.668760378,-1.465305558,-0.097627067,-3.612556164,-0.99851304,0.200356607,-1.857847673,0.957214138,0.896799852,0.569342679,-3.953059543,-1.284956131,0,0.17881934,-0.0109777,-0.187827078,-0.305518119,-0.217701044,-4.402596004
S45,-1.080623199,-0.476218517,0.540545446,-1.237048255,-0.484332067,-0.6859957,-4.27695876,1.070851989,0.073035947,1.293468804,-0.752641062,-2.493562855,1.126739218,1.688336137,-0.734243746,0,-0.082860458,0.309319152,-0.960548516,-0.030973937
L46,-1.096349334,0.154964694,-3.568668338,-1.032120125,-0.631016698,-1.426360329,-3.32387506,1.643082941,-1.802370008,0,0.049425865,-3.080070504,-0.535639964,0.500114599,-0.863605431,0.424075608,-3.799929814,0.166535454,0.597418317,-1.300896232
P47,-0.725332588,-0.206781362,-3.677007058,-3.0509962,-0.761130858,-0.349147375,0.899419984,-1.022842127,-2.9732365,-0.709812387,-1.304258935,-3.632221368,0,1.747283621,-1.036001295,-0.413167215,0.995124355,-0.786084513,0.282075341,0.69095689
Y48,-1.191130194,0.923850701,-2.744700449,-1.165364018,-2.298848779,-2.987416526,0.927398074,0.804091319,-2.146306515,-0.758646025,0.281005629,0.171367363,-1.520990992,0.849125656,-0.39230106,-1.164732898,-3.461001488,-1.037988127,-1.133440457,0
V49,0.119605063,-0.89261113,-0.882795427,-0.731724054,-1.036726628,-1.125046064,1.203927614,0.304654574,-0.230167666,-0.177899365,0.748134961,-1.953661047,-1.211293122,-1.255333768,-1.537737399,0.114211375,-0.434463468,0,-0.572342512,-3.025345489
S50,0.426883944,0.547094041,-3.718850744,-3.775634112,-2.379776467,-0.424958738,0.72397068,-0.439690932,-0.909585723,-0.232550642,0.53155257,-1.859475713,0.452502086,-1.074133735,-0.840825752,0,-0.357650258,0.38297117,-2.55802792,-1.853474416
A51,0,-0.646552728,-0.253622218,-0.195117727,-0.218106044,0.253691556,-3.671123245,-1.582171983,-1.405628638,0.283340739,-1.100937444,-1.000832841,-1.217995661,-0.00628843,-1.196882294,-0.448396608,-0.319349602,-0.30686561,-1.558313617,-4.91630942
L52,0.564999591,-1.890783335,-0.410035081,0.285644827,1.19571866,0.622451084,-0.36179155,-0.103989054,-2.358586898,0,-1.0350583,0.486388562,0.68554165,0.746827193,-2.326699722,0.933236107,-0.246336519,-0.970795065,-0.816460481,-1.561951117
F53,-0.396855785,0.037181954,0.071807624,-0.161614946,0,0.274898888,-0.591765126,-0.553367798,-0.984578417,0.298514202,0.721654279,0.632843808,-0.13077524,1.703904202,-3.574944891,-0.230400936,0.513788122,0.558716278,-3.111838299,-0.666078883
S54,0.840895805,0.074101087,-3.614117956,-1.549533344,0.014130448,0.997081812,0.223408885,-0.54511073,-0.043746335,0.19128013,-0.650482992,-0.418077823,-0.758986162,0.066927138,0.128728917,0,-0.056318746,-0.008348816,0.651161947,1.599350246
A55,0,-1.203748794,-2.393565626,-0.102621974,0.599791177,-0.187620363,-2.254621368,1.153511401,0.426151121,-0.957197078,-0.939122643,-2.945083814,-2.836267846,-1.356279573,-3.584382726,-1.360313629,0.760192542,0.430768012,-0.186017764,-2.852266997
M56,0.497038182,-0.076339126,-1.214537649,-0.303258699,-1.07026106,0.069733554,-0.189431403,0.590189073,0.085001179,0.100911331,0,-1.252729663,0.159897966,-1.593426675,-3.49985101,0.202013962,1.005265298,0.490755726,1.107213868,-0.844601509
L57,-0.020829147,-0.501463582,0.247611078,-1.491343071,0.564047122,-0.638274612,0.089390181,-0.782696997,-2.765032634,0,-1.110938428,0.00154812,-0.596755576,-0.032921735,-4.058814645,0.596622148,0.15232143,0.223453295,0.593395035,-1.049817744
W58,-0.019153954,-0.685966673,-6.51433863,-0.896883363,-0.544483074,-0.348679327,-2.720817165,-1.457485096,-1.778806813,0.353566045,-0.175684325,0.184967321,-6.326691739,-2.628627612,-0.549206701,0.021175192,0.456202011,-1.763750289,0,-0.766680934
I59,-0.573027195,-0.618666223,-0.95936625,-0.29680561,-0.221459389,-1.657438994,-1.443926956,0,-3.014933272,0.98131294,-0.895086544,-1.627947308,-6.54059728,1.627504692,-4.637758203,-0.026688888,0.010851866,-1.098749634,-0.188525491,-1.666171507
Y60,-0.044480106,0.475300359,0.106367836,-0.82576345,-0.330494082,-1.09538722,0.356275761,-0.068144487,0.351362412,-0.45866321,-0.80481306,-0.320992228,-1.360087827,-0.327238902,-0.546374566,-0.996432362,-0.450333438,-0.145926805,-0.49267672,0
Y61,-1.699169069,-0.661979898,-0.85601849,0.128791046,0.052231302,-3.413255273,0.747934499,-1.644960802,-1.391607273,-1.699695334,-1.171148535,-0.466241192,-6.607841631,-1.036262824,-0.709032394,-0.610693031,-3.067892326,0.06347105,0.423491502,0
A62,0,-0.309352449,0.857132977,-0.464958878,-2.681710482,-0.577285757,-0.716004906,0.337447839,-0.622523821,-0.558319717,-1.223142468,-1.390519278,-0.848321059,-0.674679045,-0.604675722,0.329281937,0.502211328,0.033655139,-0.708309933,-0.7065782
M63,0.491786823,-0.699305469,0.180940396,-1.301926744,-1.771612181,-0.271913644,-2.805887257,0.557609311,-1.223153466,-0.425786352,0,-0.551719686,-1.184550819,-0.86832792,-0.215967771,-0.143809677,0.398286845,-0.159389232,0.810237057,-0.753164002
Q64,0.564841279,0.565089693,0.720797163,0.377494827,-0.108222626,0.445815016,0.666931052,-2.565362856,0.663604328,-0.127850602,1.054305832,-0.643249544,-0.394856558,0,-0.213666553,0.075393162,0.585831521,-0.251009301,0.287860871,0.753146977
K65,0.569397362,0.96010667,0.571569074,1.344676534,1.276706784,-0.707740408,-1.963382712,-0.257155494,0,-0.108380849,-0.580886216,0.355168695,-0.791633518,1.478401583,0.258401696,0.32613629,-0.463904177,0.40508024,-0.678379705,-1.213808416
D66,-3.526048716,-0.73270627,0,0.796451666,1.265790714,0.043686137,-0.19940076,-0.764045676,-2.653122553,-0.636446305,-0.189355733,0.756307864,-3.725048481,-0.568186271,0.25444036,-1.218745171,0.389055628,-0.420019336,-0.11053578,-0.544812892
G67,-0.930236488,0.555763522,0.527433052,-1.029982162,-0.752135218,0,0.084208139,1.55155543,-0.903367839,-0.077633358,-0.11675085,1.30132686,0.509896812,-4.136305786,-0.91659451,-0.478716718,0.700227183,0.592753558,0.319629745,0.129404248
T68,0.021878434,-0.32963003,-1.52131417,-1.15711307,-0.272802153,0.555012936,0.636845244,-1.394113144,-0.162438799,0.353951471,-1.85623805,-1.18639258,0.017990703,0.206700564,-0.194179493,-0.601763891,0,-0.898673231,0.652091751,-1.555465222
A69,0,0.497034228,0.43605222,-0.245120589,0.317092379,-0.210017614,-2.168072227,0.678115586,-1.533048248,-1.109527263,-1.459764796,0.401398798,0.449793917,-0.209207659,0.327282761,0.223204878,-0.097809239,1.037849476,0.662407747,-0.748562872
F70,0.048977487,-0.872122196,-1.005671586,0.458437012,0,0.270922664,-1.60183009,-0.422117354,-2.090087128,0.50864769,-0.510076767,1.361174684,-2.763048082,-2.186699533,-0.795211873,0.322768788,1.052383122,-0.443262627,-0.29791401,-0.053984047
L71,-1.96319503,-0.599079978,0.336592784,-0.742650493,-0.461514859,-2.950602158,-0.719316743,1.145308938,-0.738938904,0,0.947200421,-0.640434004,-0.18222804,-3.809474495,-2.687817651,-1.779351653,-1.844496316,-0.5930628,-0.507868678,-1.450183978
L72,0.190401368,-2.264313978,-0.098764761,-0.546080443,-0.283031305,-1.290681604,0.438996439,1.038854808,-1.129831068,0,-0.226780821,-1.838450103,-0.586257744,-2.129488464,-2.241018375,0.077230104,0.105428705,-0.675227927,-3.2344193,0.019435559
I73,-0.602718744,-0.118490982,-3.152117571,-0.906495774,-0.529788117,-0.486221673,-0.846124472,0,-0.898743612,-1.527979472,-0.214155596,-0.375454587,-2.067293218,-1.753134716,-1.174239269,-1.859987853,-0.466130024,-0.588695575,-0.559648853,-2.18187174
T74,0.809563982,0.500727827,-2.336383341,-1.521270121,0.157063497,1.725438028,-1.037645448,0.887279331,-0.333077462,-0.586775032,-0.416932508,0.349457049,-2.151648543,-0.100371411,-0.752801676,0.652842936,0,-0.198935206,0.420097745,0.435130612
I75,-1.307950061,-1.989640502,0.277003614,-0.707292988,-0.084145276,-0.19064572,-2.856840687,0,-0.382855386,-1.666048144,0.954358467,-0.920973764,0.037729307,-0.097467151,-0.68837062,-0.291274405,-0.333454294,-0.362326536,-2.188677513,-1.03182246
N76,0.313747379,-0.110651609,0.358984584,-4.608843896,-0.35528106,-0.038898861,-2.482479748,-3.357426193,-0.849503359,0.382968557,-1.062227363,0,-2.227772721,-0.460221189,-2.614276987,0.56604069,-0.625186975,-3.489389185,-2.065360965,-1.109802721
A77,0,-1.064250296,-1.051787209,-2.094227167,-0.683079079,0.227337618,-4.197718001,-0.206533996,-1.338708224,-0.396047947,-0.647792411,-1.313583503,-2.282113039,-7.336798256,-5.721752379,-0.044821376,0.140363732,0.069040776,-4.294685589,-1.229847259
F78,-1.686126384,1.024338505,-1.707159706,-1.718900828,0,-0.266220888,-1.768021365,-0.090946889,-0.439890958,-0.164554938,-0.459977434,-1.703530327,-2.489894364,-0.814293286,-3.028029304,-0.185693265,-2.171137829,-1.089308679,-0.619327177,-0.378839759
G79,-0.349750257,-1.613134463,-4.233363512,0.246958491,-1.952691258,0,-1.272807135,0.747431161,-4.756403328,-0.438939964,-1.489021297,0.940124349,-6.406143345,-0.453041893,-0.938279007,-1.70874612,-3.687888144,0.039987868,-0.043362711,-0.260723881
C80,-0.276998879,0,-6.767389295,-5.042965485,1.073610966,-0.185879874,-3.633575276,0.441120333,-4.776786118,-0.229209333,-0.120358457,-1.628254606,-5.303385039,-6.75739988,-2.853201937,-0.31852589,-0.773308806,0.527643686,-1.331680131,-0.334751162
V81,0.44693759,-0.731090683,-2.451665236,-2.343986737,-0.819853263,0.696874581,-0.698830576,-0.096277925,-0.162977457,0.436417938,-0.667208607,-4.015118377,-0.517305578,-1.748918055,-4.507978778,-0.317121385,0.322349961,0,-1.501528466,-0.433579647
I82,0.021785641,0.45026052,-5.372055609,-1.465782898,0.25538504,-0.286145736,-2.404846561,0,-2.438965763,0.321674793,-0.943012514,0.251877416,-0.880244852,-0.883722478,-1.849329798,-0.411437112,0.938672602,0.352442575,-0.531736808,-1.670316167
E83,-0.071106866,-1.185794968,-1.205662017,0,-1.221742642,-0.831844057,-0.076573298,-0.482418809,0.695744546,-0.596588179,0.720325514,-1.531025471,-3.257420067,-1.749487188,-0.521427849,-0.76144761,-0.13575927,-0.755410785,0.485736482,-0.111348665
T84,-0.197647571,-0.814418936,-6.112728482,-3.738977689,-0.309096709,-0.04230657,-5.709076892,-0.76851544,-2.840490562,-0.489480234,-0.823270767,0.503502037,-1.196266237,0.071146033,-3.25811835,0.328065159,0,-0.633929019,-0.956791406,-2.157571693
I85,-0.394700006,-1.694618461,-2.59569329,-2.075100245,-1.812047487,-0.813201987,-3.785915312,0,-4.748096711,-0.003563035,0.290086447,-0.497300483,-2.501440662,-1.40933474,-5.802308258,-0.260191075,0.500704034,0.091449022,-1.131461487,-2.406755508
Y86,-1.153837879,-0.957809297,-5.307877429,-2.345975891,-0.58500009,-0.870263822,-0.106926834,-6.717391701,-3.662501824,-0.71123835,-0.814872951,-0.076094185,-3.283371523,-2.418922163,-3.380653551,-2.607789485,-6.098570532,-3.70777422,0.81733262,0
I87,0.249752175,-1.07410314,-2.791342168,-4.936003494,-0.686567546,-6.765558005,-0.806004218,0,-4.15672086,0.342135013,0.43145207,0.059537724,-3.316047189,-5.486477337,-3.943223978,-0.313249886,0.261207866,-0.875888977,-4.104151177,-2.511885407
V88,-0.028272549,0.271440163,-4.032607343,-4.257318491,0.395385322,-0.428306954,-2.181828626,-0.342493332,-3.725337144,-0.114300666,-0.19821943,-3.504219986,-6.134742914,-3.546661287,-5.295745555,-0.735876277,-0.583863837,0,0.121768526,-2.969015055
L89,0.265199981,-0.174526698,-5.503463074,-3.514543247,-0.42696792,-0.950424311,-2.028092829,0.10092833,-1.89976518,0,-0.789660682,-6.079751603,-1.200197047,-2.704842554,-4.14338151,-0.846637606,-0.602629067,-1.119462471,-1.829517639,-1.442472825
F90,-0.249507555,-1.2511647,-6.265766328,-6.110692253,0,-0.249653457,-0.335386327,0.103247732,-2.386694281,0.751497804,0.021444508,-2.132576093,-2.627409771,-2.29294329,-2.774938686,0.195499106,-1.211319968,-1.034007546,0.165219706,-0.513189126
V91,-0.42247135,0.270069823,-2.434548586,-1.660860956,-1.22849898,-1.01544987,-0.554751822,-0.564166382,-5.184956141,-0.660156589,0.783812478,-3.37278365,-4.281464604,-0.558071256,-3.880195098,-2.029446408,-1.538299141,0,-0.711708365,-1.64794413
S92,0.040023203,0.937786411,-1.798754716,-1.891350274,-0.036138147,-0.111725008,-3.440776147,-0.370729192,-3.787571131,-0.384233771,-0.079353689,-2.059448072,-0.8951773,-0.363322638,-1.361642477,0,1.036307236,-0.773678629,0.114488334,0.029709647
Y93,-1.177984689,-0.148918584,-2.859932588,-3.53707296,-1.091627751,-2.618963434,1.042569884,-0.609257316,-0.087849667,0.006215662,-1.470004818,-0.058499851,-6.489962254,-2.137392152,-0.477454123,-1.484723855,0.532203054,0.289494283,-0.005994036,0
A94,0,-0.627771335,0.611003318,-0.791704921,-4.186066159,0.729249854,-2.689128287,0.03100209,-1.769697411,-0.296926786,-0.298912594,0.304981811,-3.663354836,-0.535567386,-2.127661341,-0.660441035,-0.16618149,-0.544535732,-3.121622786,-1.906087619
N95,-1.230932781,-0.455738356,-0.044890639,-0.242164066,-0.886753292,-0.468094992,-0.810304921,0.858411949,-0.574072383,0.058180453,0.316393793,0,-0.267052288,-0.06225078,0.254045133,0.458547419,0.817049184,-0.31875973,0.054726955,-0.434128743
K96,-0.66745388,-0.445026093,-1.097269372,0.244108073,-1.646768225,-0.593586512,-2.870772634,0.301194572,0,-0.934696381,-3.06192665,-0.255151782,0.2606236,1.437271664,-0.560143866,-0.028515918,-1.303620633,-0.720356441,-1.035957353,0.400422814
K97,-0.573661778,-1.042774859,0.109134826,-0.002324546,-0.64898709,0.08367475,-1.24186319,0.442544632,0,-0.496483116,-1.116806362,-0.791837283,-1.413934789,0.091113773,-0.184274137,0.390237765,-0.921108352,0.296226369,1.200126905,-0.298815599
T98,-0.549227549,-0.51425595,-1.352248678,-1.00654389,-0.851139365,-0.40858827,1.431403233,0.17912272,-2.075470559,-0.12304979,0.51747543,0.092518497,-1.376055943,-5.12937545,0.561228477,-0.628853878,0,-0.554029834,-3.261738447,-0.201676221
R99,0.391688877,-1.491793556,-1.50449535,-0.152791314,-1.352184009,-0.416006108,-1.923829752,-0.089897083,0.122368448,0.227719569,0.123257643,-1.030412371,-0.743352959,-0.946253597,0,-0.920494873,-0.291982907,-0.741687255,-0.286232532,-1.550348736
I100,-0.792843694,-1.015030159,0.499983429,-1.523160688,-0.150790464,-0.215816013,0.945726256,0,0.715362461,0.008664008,0.643252771,0.60925173,-0.018559229,1.342265079,0.223648149,0.904828737,0.393926288,-0.245675527,-0.118439002,0.349405379
S101,-0.277103171,-0.593865717,-0.012911608,-0.102208097,0.518008808,0.031625321,0.206825826,-1.296697932,-0.079952644,0.269571272,-0.342959198,-0.826505842,0.449114778,-1.118045036,-0.034550415,0,-1.007898562,-0.076356961,-2.123762331,0.170019321
T102,0.318377482,-0.245357093,0.036159761,-0.765952358,-3.348094229,-1.249549351,-0.152424801,0.181974927,1.03353254,-1.177882734,-4.680078295,0.111645695,-1.417297577,0.170841196,-0.525437102,0.186381909,0,-0.107226006,0.834437912,0.797708442
L103,0.135263836,0.806407367,-4.514129486,-0.256529279,0.436303523,0.752330631,-0.844573986,-3.265498444,-7.065918797,0,-0.991789664,-0.607914572,-0.797432511,-1.539587851,-3.279580549,-0.365849654,0.954046213,0.1800879,0.630750883,-1.104847281
K104,-0.767266679,-0.218844506,-2.46350214,0.9904144,0.811445422,-0.24223689,0.146240579,-0.482711772,0,0.092997551,-0.599747976,-1.455938972,-0.606042419,-2.092773929,0.896523752,-0.407255777,-0.591094451,0.846401256,0.646966132,-0.361074418
V105,0.109954569,0.688112601,0.480374356,-1.817719165,0.155104383,-0.009742585,-1.204274053,0.397252106,-0.068462498,0.504884594,0.885337552,-0.468562762,-3.793971159,-0.211193865,-1.82040425,-0.985627305,0.667779975,0,0.08852733,-0.428625825
L106,1.162038795,1.006331128,-4.512379712,-1.404370375,-0.639479034,-0.070411433,0.162027697,0.772375455,-2.009877941,0,0.591619194,-1.679064561,-0.506643537,-0.278734964,-2.39376554,-0.197186315,0.522068185,-0.5321414,-1.10777527,-0.411087077
G107,-0.158425884,-0.879024896,-2.090162039,-0.478827493,-0.235480241,0,-3.295353192,0.681757678,-3.668989333,-0.109393911,-0.094775196,-2.239320321,-1.890726592,-0.363029471,-3.960953127,0.510790321,-1.232981261,-0.203806003,-0.611623209,-0.31313691
L108,-0.362959656,-0.886998041,-3.423917975,-1.106226086,0.320061361,-0.462340765,-0.567015662,0.315132336,-1.946118488,0,-0.190405372,1.384595967,0.694350364,-0.636589163,-0.743151051,-0.929076329,0.373403568,-0.295623501,-1.086518772,0.985336341
L109,0.005270859,-0.89055508,-2.097225432,-0.558696479,-0.539545298,-0.604106306,-1.056521331,0.007887784,-1.147918766,0,-0.050054598,-2.24119817,-0.190817192,0.130937079,0.131452756,0.234704312,-0.434447382,-0.930173137,-0.8523161,0.176649666
N110,-0.068432477,-0.333639271,0.216586371,-0.211253232,-1.800858114,-0.61665009,-4.503710022,-1.247090222,-0.711184075,-0.608629923,0.614604836,0,0.371761584,-0.973119057,-3.653538098,-0.230228296,0.142176176,-0.061192818,-0.753215998,-1.080528684
F111,-0.166494099,-1.475021338,-4.816507756,-5.480323697,0,0.151284711,-0.694017788,0.684317505,-6.354790598,0.711379387,-0.679985583,-2.275858562,-0.679567331,-2.344809335,-4.260887919,0.259700269,-0.596309742,0.06228216,-2.081689019,-1.229570353
L112,-0.518874671,-1.692356652,-4.475157963,-2.618079569,0.357640182,-0.081227713,0.721533357,-0.360480154,-1.374333397,0,-0.818556736,-2.22491838,-0.047071919,-0.698846006,-3.506092254,0.046816808,-0.085198075,0.733373729,0.225580927,-2.656690972
G113,-1.454819416,1.274458398,-0.400415034,-0.577592181,0.143110127,0,-4.461985614,-0.493262628,-5.039165312,-0.349650386,-1.008318531,-0.686176543,-0.763932178,-1.424535237,-2.311646853,-0.512861624,0.604117775,-0.322637219,-0.768604608,-1.537253319
F114,-0.665836046,-1.857927843,-3.531467141,-1.569183742,0,-0.441564763,1.639530029,0.112073484,-4.163404103,-0.066367274,0.263775613,-1.713724408,-0.6590479,-2.565008791,-2.906606368,0.569953384,-0.523107357,-0.299500865,-3.442407577,0.207190918
A115,0,-1.049797372,-0.286592663,-1.617352429,-2.449353546,-0.421036503,-1.517446636,-0.787672648,-3.094302521,-0.622353778,1.313500846,-0.66877426,0.700265002,-4.466284322,-3.086759913,-0.498795938,0.160542458,0.011125299,-0.955896781,-3.126740194
A116,0,-0.531599654,-2.158189421,-0.080894847,-0.058741421,0.345069733,-1.021620717,-0.109824827,-1.312322002,-0.776894118,0.207164112,-2.189798935,-1.269547509,-2.391248544,-3.771812562,-0.526211888,-0.148095731,0.076413356,-1.888438591,0.428308081
I117,-0.538334019,0.650914201,-3.983827604,-3.833105729,0.778563223,-1.185154118,-2.061283518,0,-4.076967631,-0.44173007,0.321227289,-0.614613103,-2.07859194,-3.612960205,-4.187425924,0.273566985,-0.402293153,0.21684734,-3.311944985,0.644744424
V118,-0.865960186,-0.546762533,-2.244557138,-2.001260676,0.128896368,-0.004496238,-2.059506219,0.33602493,0.771929597,-0.143432362,-2.120151355,-0.292063863,-0.229317185,-0.225238543,-0.988926815,-1.839177029,0.879037302,0,-1.829621601,-1.629902616
L119,-0.501611756,-1.767017916,-1.467786293,-1.463156748,-0.060492168,-0.021401331,-0.405332361,0.621576924,-2.646029227,0,0.119744119,-1.510402668,-0.700157983,0.123557036,-2.101030011,-0.259403923,0.586112104,-0.058309301,-0.085587839,-2.259956183
V120,-0.086639504,0.724495621,-2.291011559,-3.86111109,-1.102752331,-0.216570968,-1.128113486,-0.719675974,-2.032266733,-0.148719179,-0.183217389,-1.712655649,-0.494607655,-0.305979039,-3.226218677,-0.055806909,-0.62672335,0,-0.40032189,-0.502941908
C121,0.166061508,0,-1.653412212,-0.755159456,-0.329683507,0.936333332,-0.272824548,-1.487534439,-0.028839645,-0.191287747,-1.840172587,0.167727185,-2.108049936,0.016248616,-0.268127712,0.479118317,-0.167713513,-0.115112522,-1.025221182,0.234822598
E122,-0.161016892,-0.438479547,0.740437018,0,0.060302466,-0.203711907,-0.453914051,-0.753072367,0.725845746,-0.168239039,-1.602041234,-0.283366504,-1.567482843,-0.419477775,-0.155160203,-0.080366464,-0.465489002,-0.154382815,-0.195355723,0.424930861
L123,-0.029207957,-0.935593971,-0.525061635,-0.780692243,0.056858064,-0.368325812,-0.201116893,0.59653831,-0.532257682,0,-0.264500256,-0.188142454,-0.188282378,0.051504656,-1.213576313,0.823791745,-1.230705594,0.314904464,-0.447160552,0.37662297
L124,-0.540916701,-0.211837917,-1.104904585,-1.110573712,0.6589963,-0.38969887,-0.370629623,-0.422232308,-3.178709513,0,-0.527125254,-1.930458614,0.290930829,0.701412845,-2.050757595,0.224616844,0.149061438,-0.051767462,-0.323386276,0.495444783
T125,-0.062522518,-0.559445499,-0.119523555,1.805461159,0.408897957,0.529607665,-1.080720843,0.577895671,-0.983833231,-0.480908235,-1.037286187,0.25561909,0.341794173,-0.648995968,-0.972902302,-0.153709862,0,0.573053143,-0.682782151,0.742393921
K126,-0.327963347,-0.557013256,-1.35262925,0.009791265,-0.153831641,0.309821359,-0.386780056,-1.229391891,0,0.329195759,0.90695935,-0.564013765,-0.286529797,-0.720903243,-0.220224227,-0.925804689,0.660700875,0.265069566,0.103324115,-0.859215654
G127,-0.409322661,-0.138694516,0.224920981,0.207517971,0.696829003,0,-0.788029977,1.064094683,-0.137494489,-0.139318143,-0.375639209,-2.901953854,-0.732294132,-0.676456637,0.351276578,-0.767616193,-0.501065013,-0.189903774,-1.451689808,-0.936341926
S128,-0.003097499,-2.65982041,-1.407186905,0.016557036,-1.276770772,-0.28264975,-1.886499634,-0.439118429,-1.618543274,-0.14278638,-0.640860143,-0.469941767,0.240134959,-0.556836258,-0.151414063,0,0.228534453,-1.533661063,-2.459698431,0.543754877
T129,0.330831159,0.195010514,0.261838734,-0.485063467,-2.548681938,-0.275879269,-1.758696026,-0.64448412,0.635727234,-0.340951173,-1.030591276,0.186276676,0.530303727,0.55397432,0.373624376,0.464937535,0,-0.511465468,-0.66424499,-0.410839716
R130,0.520342145,-0.893225409,-0.1705876,0.576799987,0.366977537,-1.296202854,1.0445401,-1.474167261,-2.902156545,-0.947198454,-1.045441807,0.932137617,0.366083695,-0.180676996,0,-0.921534942,-0.872117521,0.198633832,-0.135957865,0.564332249
E131,0.312289191,0.62509734,0.847505197,0,-0.147255626,-0.378250853,-0.216539787,0.658625222,0.006208418,-0.092323742,-0.227892908,-0.424455737,-0.194551514,-0.099738771,-0.417804978,-0.246814683,0.106865216,-1.13602746,-0.820575358,0.419792767
K132,-1.043581682,0.045972854,-0.903456086,0.323258812,-1.316362297,-0.664292956,-3.099916389,-0.77852887,0,-1.177211948,-2.474212102,0.582329648,0.2264092,-1.834649053,0.349489571,-0.066270199,-1.300431376,-0.553041057,-2.982032678,-3.928878107
V133,0.092391117,-1.071185645,-0.122342888,-2.306972839,0.777542992,-0.141240311,-1.912423255,-0.4158014,-2.460829583,-0.322337494,-1.206346039,-3.421136623,-0.534048185,-4.552303301,-1.383514998,0.261525099,-0.249433339,0,0.588168557,-2.212394607
L134,0.146017977,0.79169134,-1.931804121,-2.111610415,0.155320192,-1.961978337,-1.173418707,-0.087243393,-1.926265642,0,-0.88098706,-0.333946926,-0.668086161,-0.674331754,-1.358127158,0.3947443,0.455619909,0.431220194,-1.935452295,-2.429942916
G135,0.785447172,-0.610668736,-0.006625492,0.060422933,-0.24634597,0,0.09158156,-0.319562898,0.717371112,-1.294750278,-2.852878379,-1.369866335,-1.515187179,0.503418567,-0.649891065,-1.401651508,-1.294985015,-0.107677938,-2.514659904,-0.617971137
G136,-0.961488996,-1.13726966,0.713015688,-0.250825302,-1.104628988,0,-1.110109284,1.062619788,-2.454180183,-0.563312352,-0.707995615,-1.796450301,0.26625478,-4.346512007,-0.664892349,0.036756677,-2.199892242,0.210905273,0.88478169,0.182342158
I137,-1.132914854,-1.031222066,-3.847105699,-3.657508436,0.079131363,-1.699144619,-4.752438799,0,-2.760144566,-0.092165147,-0.498512618,-2.275611642,-2.755275196,-1.098719847,-2.49634906,-1.046774281,-0.773958657,-0.117424458,-0.567988193,0.008667211
C138,1.369408075,0,-1.875650097,-0.952253981,0.022400499,-0.725484212,-0.939023999,0.927000911,-5.376383659,-0.285433856,-0.395884725,0.124245264,-0.88329185,-0.491978712,0.662168166,0.407196467,0.428001789,1.000053876,0.683870054,-0.26409536
V139,0.747198899,0.072764281,-0.904830557,-2.367082456,-0.968811336,0.844516704,0.505760139,0.410612719,-4.510031892,0.019611212,-0.608370182,-1.379074581,-1.170657157,-1.205639248,-1.51388524,0.388896816,-1.569130305,0,-3.76770806,-0.827494131
G140,-0.000420566,-0.067854932,-2.585130851,-0.408775885,-0.752670497,0,-3.338373201,0.660761478,-1.739408401,-0.821197739,-0.171124864,-1.986146621,-4.243925466,-2.018776038,-3.618825565,0.432355841,-0.767548016,0.198535717,0.901608854,0.591720643
F141,-0.234665113,-0.000940403,-4.778148142,-0.736921068,0,-0.13023375,-3.659743044,-0.054192933,-1.264918172,-0.040817556,-1.502386703,-1.718614556,-0.633502012,-1.593685294,-1.758256022,0.018466182,0.705261244,-0.344722208,-3.298863147,-0.643888908
S142,-0.606379613,0.066776511,-0.173519564,-0.635437701,-0.126561178,0.210842066,-1.859053789,-0.82685071,-3.33605338,0.200208673,-2.611069531,-3.890262941,-0.600564419,-0.790763826,-2.356071451,0,1.273628091,-0.682391134,-1.604195239,-0.128574086
V143,0.15563035,-1.543304499,-1.228496762,-1.043331804,0.362807806,-0.282304642,-2.534688151,-0.688574563,-4.818659103,0.774872328,-2.015065638,-1.219659908,-0.498921784,-0.285607925,-3.500518371,-0.146896018,0.227664965,0,-0.848487532,-0.887614288
S144,0.040219569,0.043255537,-4.636626962,-0.063293366,-0.846772706,0.625169141,-0.696174214,1.362136686,-1.459830769,-0.099809625,-0.546388517,-0.844188053,-0.063420055,-0.196861751,-0.863955115,0,0.178105287,-1.383768526,-0.077115028,-2.513338004
V145,-0.312598597,-0.229971644,-0.794498378,-2.340703618,-0.808438254,-1.236279661,0.082525627,2.382432788,-1.088134944,-0.417767054,-1.2194722,-3.377911653,-0.367969688,-1.755918355,-1.705924885,0.557616496,0.147280835,0,-0.497256128,-4.130208095
F146,-0.205193226,-2.354774132,-2.124798375,-0.846964665,0,0.265137314,-0.605521937,-1.169790514,-1.535854158,0.441781827,0.653419612,0.469775632,-1.956748534,-0.082231217,-2.028734997,0.05620225,-0.275112859,0.489595875,-0.97689258,-0.310802867
A147,0,0.44770452,-4.299538583,0.018814341,-3.931478229,-1.46433937,-3.667110258,-1.151813737,-0.189441325,0.158279554,1.072804217,-4.73547028,-2.11404824,0.850185777,-0.279048989,-0.231882502,0.409474868,0.007129191,0.711645971,-3.437043666
A148,0,0.929644145,-1.433370124,-2.622954659,-4.022279671,0.301055916,-3.578164134,-0.077576958,-3.800023282,0.243547778,-3.535532854,0.43060627,-2.632603257,-3.248806866,-1.647008788,-0.191862358,0.696701724,-0.878699741,-0.280933753,-3.103827931
P149,-1.067923558,-3.11927222,-1.297418101,-2.401831916,-2.957342784,-1.44536537,0.479430149,-3.726398667,-3.586110797,-0.70426031,-1.74703844,-3.676681331,0,-3.462365455,-1.485831831,0.251110098,0.27592028,-1.898915596,-0.829066427,-1.433234601
L150,-0.662561149,-0.592947051,-5.001866568,-3.146897803,-0.425650294,-0.836435048,-2.418582489,-1.637733118,-2.727480577,0,-1.228837199,0.337662556,-0.801093704,-1.006226294,-1.308430934,-0.319705016,-1.11106813,-0.337864847,-2.650775823,-2.23063313
S151,-0.18720169,-0.094229858,-0.111403879,0.919414419,-1.278149767,0.292212309,-2.277537273,-0.40387877,-1.889344273,-1.046007503,0.535302103,-0.816769608,-0.594920041,-4.05992488,-0.200892977,0,0.639648888,0.126262371,0.851023864,0.725363968
I152,0.501011081,0.318732098,-0.5482008,-0.881650344,-1.549525229,-1.143611369,-1.125309253,0,-0.551703173,-3.386595944,-0.083821608,-0.709276026,-0.457637459,0.217479219,0.279235963,-0.119458747,-0.159116008,-0.910640771,0.003616435,-1.229180479
M153,-0.590638073,-0.302525131,0.361396251,-0.580054406,0.05939021,-1.006264665,0.107128542,0.702275731,-1.322902376,0.338855719,0,-0.598346069,-1.126843434,-3.768689091,-2.493259792,-1.451747973,0.027408314,0.256759439,-0.866990822,-1.156500155
R154,-1.082228677,0.491008108,-0.266105803,-0.930347785,0.779106162,0.104658363,-0.266026022,-0.268685366,-0.267174488,-1.449245772,0.805580381,-0.654390424,-1.123474084,0.243700754,0,-0.82953788,-0.424574507,-0.57153192,-0.011969999,-1.200455483
V155,-0.155632449,0.083543207,0.250480621,-0.405147435,-0.134523818,-0.400463601,-1.753770731,-0.59428722,-0.067879446,-0.498990183,1.483754819,-3.514401049,-0.36080134,0.140084766,-1.14924215,-0.225887349,-0.695040515,0,0.427938702,-0.894728034
V156,-0.700429201,0.4062329,-0.527767729,-1.139483921,-1.843794859,-0.136496747,1.318033822,-2.362995861,-1.180870029,-0.716201585,0.668113306,-2.820318224,-0.5587519,-0.028738117,-1.7945945,-1.083282287,0.055697794,0,-1.192315493,-0.324479859
V157,0.166107426,-0.646541391,-3.160213689,0.03469103,-1.191630228,-1.694700482,0.773848186,-0.291669186,0.099519266,-0.189937446,-0.043494386,0.789759348,-0.457034197,-0.53466905,0.980481193,-0.027820161,-1.547161563,0,1.07983862,-0.208221996
R158,-1.719025219,0.339676256,-0.590954199,-0.764887186,0.128636925,-1.190174545,-2.21220689,1.157926794,1.050590259,0.412061153,-1.035503921,0.190162334,0.383393077,0.302742898,0,-1.389018981,-1.518983256,-1.738697107,-2.43921594,-2.149060093
T159,-0.233025838,-2.566889138,0.071626658,-1.027282191,1.122747379,-0.109605701,-0.316973479,-0.946004372,0.375498151,-0.047781496,-0.656397645,-2.294126416,-3.059077102,-1.399651693,-0.299683335,-0.029614812,0,0.870356016,0.146769061,0.405774032
R160,-0.247457915,-0.284254199,-1.88640003,0.869606492,-1.742488495,-0.126091141,0.307275947,-1.324574215,0.458406044,-1.849322191,-2.345123565,0.227999632,-2.131687384,0.180603509,0,-0.66082691,-0.520710765,-0.046628552,0.364302696,-1.733192016
S161,-0.001468767,1.367106433,-3.001926785,-0.475312259,-3.540850625,-0.222103347,-1.009953476,0.48854156,0.498009391,-0.741599619,-2.160991804,1.5345532,0.024974587,-0.731355158,0.013695548,0,-3.569368024,1.145340778,0.356167825,-2.152093604
V162,-0.156652626,-0.361788406,-1.771165347,-0.640630742,-3.87631528,-1.301450861,-1.856537762,-1.302398928,-1.451252287,-0.439616891,0.843770583,-3.249518303,-1.038283085,-2.705504301,-1.408509878,-1.110171215,-1.372563519,0,0.387494497,-1.22714579
E163,-2.566032064,-1.941424197,0.797454842,0,-1.149679526,-0.386343431,-1.069613613,-0.833024277,-0.126059877,-0.983939438,-1.199298314,-3.831313781,-1.913379708,-1.130470022,-0.922910422,-0.399670423,-0.949347149,-0.769224692,-2.927254709,-0.111359453
F164,-0.723809426,-0.490355794,-1.124245244,-0.381938874,0,-1.646967191,-0.786293207,-3.209786779,-0.979011167,0.604823144,-0.819835728,-1.347540087,-3.059654666,-3.328982923,-1.297534562,-0.588117408,-3.644798123,-1.087585943,-0.208346812,0.195004475
M165,-2.214067006,-0.577888046,-5.408057731,-2.102155909,0.76899002,-0.944811169,0.133295726,0.431310959,-0.747578058,-0.182232744,0,-3.834008656,-3.22583218,-1.86745203,-0.045327916,0.084708833,-0.569523466,0.228071945,-0.516349795,0.18277574
P166,0.276966782,-2.021535243,0.292304806,-0.257331177,-4.115670373,-2.047211504,1.091682881,-1.497473707,-0.278789316,-2.303619747,-0.231752929,-0.081934792,0,-2.353593308,-0.835388747,-0.008009832,0.321366771,-1.087406925,-0.257930054,-3.683854257
F167,0.636359123,-0.624981637,-1.882785335,-3.630056016,0,-0.496976428,-0.674596644,-0.93545123,-0.995287862,-0.286606635,0.368161794,-1.142215131,0.2228863,-1.952876386,-1.473646817,-0.393342899,-1.387459619,-0.344664513,-1.277807906,-0.791523783
S168,-1.046844787,0.549789179,-0.035440711,-0.493585578,-0.077038879,0.119851932,0.251166458,-0.719637138,-1.130937759,-0.16437478,-1.693562851,-1.265774142,0.729349052,-4.073630954,-0.732250123,0,0.158623428,-0.593442103,0.843458122,0.957136246
L169,-2.559274638,-0.194037679,0.481366401,-1.911792845,-0.628955128,-0.540628173,0.241400867,-0.495459022,-1.856327585,0,0.141589897,-1.357218402,0.610162994,1.454446088,-1.05715363,0.24810779,-1.52871892,-0.21280082,0.709043682,0.251534744
S170,-2.449396017,-2.544699195,-3.86904267,-4.376103614,-1.104958219,0.388156805,-0.291771693,0.167800296,-1.831914963,0.304163602,0.420612972,0.262937283,0.127151534,-0.438348113,-0.364370731,0,-0.962983366,-0.286146044,-0.383623735,-0.319809312
L171,-1.152683488,-1.070266776,-7.220735235,-3.31181672,1.216607645,0.188712289,-3.606758367,-0.583513499,-4.451137375,0,-0.736653119,-5.841293681,0.608067902,-2.574266526,-2.87248789,0.447120222,0.146238422,0.240208884,-1.734264563,-4.832820261
F172,-0.505726058,0.141890469,-1.836760356,0.204046188,0,0.51820189,-1.236745519,-2.586009663,-0.561379126,0.625815153,0.978518607,-2.966047099,-1.578379879,-0.44929019,-1.146301701,0.442595009,-0.499023563,-0.158655159,-1.783561414,0.191667635
L173,0.824855968,-3.079207447,-3.213716899,-3.277380778,-0.718608335,-1.654790443,-0.348931163,0.292055773,-0.185390472,0,-4.436773698,-0.363560288,-0.030197176,-0.450626389,-1.642220485,-0.245916187,-3.018402227,-1.480509229,-3.681003019,-2.974587772
T174,0.369950133,0.931781413,-2.437887931,0.459202208,-0.551328704,-0.550375621,-1.777939806,-0.165957109,-2.252595191,-0.435421449,-0.21867492,-0.501670096,-0.988946301,0.558029973,-4.53607792,0.028330767,0,-1.80268054,0.142240678,-0.493419789
I175,-0.770113558,-1.274823174,-3.943031028,-5.831046391,-0.359739578,-0.854093919,-5.334713056,0,-4.003902373,-0.658611134,-0.618265775,-1.28042693,-0.842848632,-0.866142829,-3.441639317,-0.583913642,0.353966438,0.153716509,-2.00153511,-7.423056993
S176,0.633105935,0.211541366,-1.246327634,-1.122153182,0.224298229,0.189983657,-0.627218192,-1.160873937,-2.363450338,-1.728449251,1.947308389,-0.127688951,-1.772453991,1.011708466,0.517715448,0,-0.449828762,-0.560473255,-1.9759555,-4.570458888
A177,0,-0.559272967,0.271833933,-2.571576316,-1.779572406,-0.523297368,-1.560404592,-8.710163799,-4.013764323,-4.16914863,-3.651710704,-3.206907352,-0.502506864,-1.926391324,-0.852416051,-0.377444569,1.346815772,-2.330554193,-0.172047786,-0.414452377
V178,0.34089814,0.078756257,-1.763992378,-1.188950926,-0.365946215,0.649797613,-1.017440214,0.859976294,-4.207599432,0.393126606,-0.358816465,-1.236080313,-1.032146412,-0.869899731,-2.976922106,-0.377054159,-0.369379994,0,0.348921778,-1.403494065
T179,0.391847059,0.247119024,-2.134604705,-1.747120231,1.205312527,-0.067289315,-1.038910493,0.37381983,-2.68382094,0.339874968,-1.205703132,-0.393025134,-1.66204114,-0.160659041,-3.653145776,0.115117625,0,-0.586155823,-0.44189426,-3.601012654
W180,-1.24899341,-2.856107071,-1.209643756,-0.814998046,-2.057041131,-0.687287717,-3.583088603,-9.806285901,-0.924931278,-2.915745068,-0.992821652,-3.686032502,-8.404571657,-0.118006093,-0.694078087,-1.337231192,-2.417366238,-5.45980939,0,-0.407183468
L181,0.023661565,0.358368578,-4.839414448,-0.650720876,-0.298842336,-0.161582023,-1.22925726,0.433947515,-3.503315603,0,-1.664024656,-0.494075127,-1.403614665,-0.84726969,-5.627054529,-0.496270304,-0.929522532,-0.260270853,-0.490634295,-0.407185669
F182,-0.589247891,0.090244492,-2.199719545,-3.069679817,0,0.100887235,-0.89567328,-0.379626588,-1.628162767,0.044148963,0.708989342,-0.534054944,-1.159467593,-2.597542955,-2.774587591,-0.399094508,-0.16916252,-0.43783124,0.034358195,-0.152398283
Y183,-3.667006679,-1.997694126,-8.521092144,-3.185503922,-1.032675881,-4.253501787,-0.360487367,-6.820419343,-3.636563914,-4.896099054,-5.557851549,-2.986690196,-8.569815719,-1.297568826,-2.371503954,-5.692183635,-4.489730129,-1.500468866,-1.081798178,0
G184,-1.314651133,-1.420776359,-1.499516017,-5.455055966,-2.151658122,0,-3.870108782,-5.599393946,-7.211956174,-5.679029123,-4.375300142,-5.503019688,-5.592817657,-9.876529689,-5.181669608,-0.899011708,-4.51967446,-5.997770999,-4.83679471,-7.137883525
L185,-0.762526434,0.108937823,-3.421541839,-1.695400406,-0.074120905,-1.542505229,-2.713304346,-0.261474887,-0.822774215,0,-0.864743081,-1.624411865,-1.994468346,-1.601942753,-0.440647096,-0.76889193,-0.69525649,0.091434403,-0.412501008,-1.109409503
A186,0,-0.526138032,-1.616006379,-1.128914903,-0.419598021,0.084257206,-1.610417992,-1.132870803,-0.739263781,0.359079989,-0.7771129,-0.569378904,-3.382519525,0.81430605,-0.091947675,-0.245702169,0.003444257,0.023574132,0.640288482,0.408977677
I187,-0.313595613,-1.069386348,-1.448570625,-2.347622372,0.84722195,-0.228346624,1.221595402,0,1.1417399,-0.319761709,0.660183395,-1.191239407,-5.199715547,0.017742058,-0.035928694,0.427112369,0.415165867,0.738820639,0.346042766,-1.74706629
K188,0.704669236,0.354381654,-0.297026983,0.131116225,1.12132337,0.053367849,-0.902577328,0.125749073,0,0.686099031,-1.678478212,-0.232933661,1.115239575,0.177902784,0.209944708,-0.823379488,-0.678510221,-0.210660079,0.008300447,-0.592431918
D189,-1.227323744,-0.018344958,0,0.327533865,-8.024715225,-2.884669891,-2.908306138,-5.636157965,-1.102688481,-5.032061618,-2.909166149,0.75171507,-7.651772566,-2.093930576,-2.011066969,-1.806667549,-2.73916266,-2.712750279,-7.145006587,-1.962410194
F190,-1.306610527,0.676795527,0.084974763,-0.842950024,0,0.169456947,0.564010903,-1.788346768,0.73435951,0.139878683,-0.813132631,-0.66797051,-2.36658272,0.121614549,0.492794503,-0.268732246,0.193822905,0.793525189,0.436376696,0.207210773
Y191,-0.357563637,0.547322592,-0.140370048,-0.335254153,-1.495338581,-0.467649201,0.209959475,-0.926231757,0.47861314,-0.303949009,-0.095795695,0.752048185,-1.716083486,-4.071319184,-1.352201516,-1.158157399,-0.323502613,-0.383165172,0.996527076,0
V192,0.373570569,-0.867677651,-3.857593017,-7.064511766,0.365662159,-1.220408441,-3.567435257,0.775819224,-0.894637038,-0.500819165,1.542064484,-1.484919404,-3.288134954,-0.180857822,-1.765069367,-2.446292346,0.169343207,0,-1.157577806,-1.643517907
A193,0,-1.534856413,-3.196998071,-0.481719091,-0.412818156,-0.195613325,-3.553133103,-0.092523807,-1.003774665,0.526285452,0.256357534,-6.672021592,-2.845452877,0.152483008,-4.569485262,0.188207826,-0.056081739,-0.423166064,1.515583386,0.440614574
L194,1.151362118,0.216521075,-6.26749389,-4.024924968,-0.028437955,-1.09926578,-1.885750942,0.412931727,-8.273508832,0,-0.234865978,-7.947570435,-1.100270815,-4.086891075,-2.719038526,-1.02782429,-1.637755808,0.049004901,-1.640873223,-1.232437529
P195,-0.491778884,0.726814932,-0.309991315,-3.97567454,-3.205499823,-0.324209009,-0.784249435,-1.189041015,-1.666820848,-1.181174599,-0.588803581,1.287584526,0,0.306817622,-1.673378426,-0.436311152,-0.822973933,-0.141868654,-0.973787134,-2.010258957
N196,-1.234157157,0.4999812,-1.602587733,-0.254599648,-1.50435439,-1.441932151,-0.341392124,-3.692946266,-2.641701388,-4.956263422,-3.42148988,0,-3.994864435,-3.090604768,-1.946570565,0.232685347,-2.398161502,-5.684360664,-1.8794713,-0.19630321
V197,0.364857197,0.752520215,-7.012869355,-2.727141391,0.060094893,0.531376205,-5.708193102,-0.194311672,-1.001080401,-0.071518347,0.540170647,-2.690762301,-6.125961553,-0.820579579,-4.831242235,0.409912806,-0.540288213,0,-0.38957511,0.631472253
L198,-0.083964656,0.329315623,-4.348359194,-2.574714407,0.21733902,-0.484119858,-4.568536715,0.529771818,-4.808535113,0,-0.349130706,-0.966835201,1.120143033,-2.209252124,-4.601799841,0.615612956,-0.044298609,0.123219271,-0.720866855,-0.629583234
G199,-0.247096998,0.477724272,-1.098692344,-0.232128375,-2.261851644,0,0.121425649,1.477887286,-0.594912413,-0.572354086,0.812187638,-0.181726469,-2.166028085,0.346325848,-2.900571207,-0.695772766,0.169027244,0.626383908,-0.321904791,-0.061707743
A200,0,-0.964978458,-5.993825662,-2.233503842,-0.597074788,0.190251177,-2.832975648,0.732751378,-6.536131641,0.425540579,-0.685899857,-8.557165426,-2.618159091,-2.867847757,-4.81940407,0.967705203,-0.260441439,0.588855602,0.674571045,0.484413133
F201,-0.614648504,-0.032900711,-3.151817338,-5.163295199,0,-0.697396136,-0.981773811,-0.960723835,-4.469999764,0.722087489,-0.64065999,-1.973684063,-0.824284783,-2.649952755,-3.778419709,-0.335493872,-0.352441033,0.258246517,-2.271038508,-0.615309249
L202,0.747979405,0.679877681,-1.443083518,-0.721300762,-0.808058414,-3.763602767,-1.685571025,0.40432456,-1.54453326,0,-1.417786759,0.145874389,-6.182631517,-1.295486957,-3.422256401,0.014075914,-0.347770775,-2.114698728,-2.32170097,-3.223652237
G203,-0.422478376,0.891882719,-4.575173883,-0.386257495,-2.245709104,0,0.647407192,-1.14229436,-3.416737513,-2.744134599,-2.278194979,0.439491789,-2.066785092,-0.459340255,-1.089298774,-0.710412173,-0.474740788,-2.862443868,-0.230856434,1.24111068
A204,0,0.16534144,-1.095391335,-2.438678781,0.00726955,0.06378611,1.375252636,0.645532356,0.878036651,-0.253921346,0.600267029,-1.520253004,0.103039855,0.228986894,-4.004951698,-0.055442527,-0.013019418,-0.517285221,-1.09054654,-3.329767382
V205,0.63771581,0.514837035,-1.329996662,-1.988260617,0.503287058,-0.376037097,0.385763117,0.809685059,-2.642066976,0.200962954,-0.687925913,-3.368436443,-1.656763223,-2.433836722,-1.106397383,-1.549427706,0.504293685,0,-1.530701599,-1.679324055
Q206,-0.329879504,-0.636797251,-1.350342925,-0.164853806,-1.149755615,-0.107467733,-0.554361217,-0.112595952,0.207922521,-1.314828063,0.180076123,-0.645574109,-4.340101527,0,-0.053018406,-0.384546466,-1.024756239,-1.064615561,-1.104577771,-3.126730786
M207,-0.193145271,-0.902341405,-5.306912949,-5.305209305,-0.302491842,-0.696569694,-2.36111134,0.522007091,-3.763692905,0.05477996,0,-0.309735433,-3.504834401,-0.959918037,-4.438850257,-0.044537275,-0.225388151,-0.107023878,-1.473939763,-4.720024665
I208,-0.879007659,-0.684281602,-2.560302588,-2.366860997,-0.901447878,-0.227982916,-1.448005619,0,-3.067719418,0.342509897,-0.479744116,-0.77913047,-0.925881569,-3.497911619,-2.855739335,0.22715617,1.188908485,-0.128601054,-2.534905313,-0.963695949
L209,-0.010976851,1.414648403,-1.958795642,-4.050367763,0.023451788,-0.239631891,-1.082678234,0.179857258,-4.069192521,0,-2.716406161,-3.011152275,-1.330990637,0.668879645,-1.21208119,0.041711805,-0.053877423,-0.170147285,-1.104585979,-0.44604906
Y210,-0.046539627,0.402884858,-0.887604783,-3.723256935,-0.259644287,-0.890836836,0.548924195,-1.10122621,-3.477174279,-1.279382435,-3.571972018,-0.79716705,-0.700328344,-0.382612258,-1.231903969,-1.953036083,-1.736240518,-1.97300737,-1.315954174,0
I211,0.285613858,-1.113176963,-5.033234961,-2.555623801,0.214897646,-0.330698364,-0.281649248,0,-1.189755853,-0.033730479,0.220511178,-1.344844766,-2.788031559,-2.510246517,-1.2622088,0.261099966,0.333344795,-0.714712508,0.507720434,0.594597155
I212,-0.426686122,0.583249429,1.091020305,-2.509577449,-0.615376809,-0.353327678,0.275523227,0,0.791555299,0.462759147,0.841310945,-0.773914757,-1.819548127,-0.658726469,-0.239223212,0.12954607,-0.357362075,-1.436402718,-0.262001174,1.805974984
F213,-1.640127821,0.597022208,-0.878553592,-1.452091323,0,0.212125318,-2.375421236,0.535222093,0.0630325,0.296228314,0.281353334,-0.238218421,-0.506227482,-1.62539307,-2.261174778,-0.691122209,-0.953539509,-0.01824736,0.483548323,0.74059235
K214,-0.315555694,-0.046232309,-0.364966238,-0.00591726,1.075738901,-0.464401673,-0.683944802,-1.60633954,0,-0.932642236,-1.844315945,-1.13688872,-2.176569466,0.094651065,-0.382015818,-0.686571695,-1.993237803,-1.33808007,-3.738706311,1.405904501
Y215,-2.176220773,0.44754535,-0.154625207,-0.203134967,-1.205278775,-0.289533231,0.43112982,-3.917399769,-1.28643327,-0.931363319,-0.650606238,-0.41521911,-2.675515546,-0.234209531,-0.283326421,-0.083981704,-1.059355164,-0.323383964,0.585783451,0
Y216,0.404353402,0.66631897,0.233206421,-2.821831974,-0.349086927,-0.056908018,0.646682878,-3.936096416,-0.196215673,0.333546492,-1.152301169,-0.407597119,0.551677968,-0.591193606,-0.544380563,0.223078667,-0.32953706,-0.250470947,-0.307111248,0
K217,-1.876459797,-0.960390177,-1.090484285,0.519873754,0.073290446,0.313548823,-0.08205776,0.303725492,0,-1.1230644,-0.111241308,0.004920167,-0.364965615,-0.273407861,0.677867754,-0.528554535,-0.633084706,-1.481787771,-0.128576718,0.985601653
T218,0.710041386,-1.244932067,1.019289916,-0.88867251,-0.508377292,-0.959037815,-0.622233049,-0.869554612,-0.728999577,-0.060782431,-0.085127149,-0.202365261,-0.549251741,0.739620728,-0.057204983,0.369023517,0,0.871743231,0.348763964,-0.44870615
P219,-0.381866239,0.477070799,-1.97943698,1.119800459,-1.284348685,0.763784423,0.361987599,-0.513352381,-0.769973596,-0.14285314,0.434454279,-0.724284886,0,-0.554655301,-0.953989133,-1.204875948,-0.079277934,0.763725773,-1.120587561,-2.729511383
V220,0.375871897,0.109569421,-1.997111687,-0.961365224,0.882257465,0.320599883,0.020530803,0.205338599,0.522951606,-0.161786644,0.319654689,0.018037351,-0.594935391,-0.776532784,-0.216888107,0.07348708,0.829609295,0,0.693264437,-0.518951376
A221,0,-0.696458657,-0.061470139,0.018970332,-1.595765742,0.12696969,-2.112687021,-0.552666257,0.399167202,0.784491199,0.697000523,0.752150387,0.856259653,0.255513625,-0.279028863,-0.711268303,-0.090419612,-0.265343369,0.20859668,0.351078859
Q222,0.559013617,0.22771788,-0.501692295,0.564670453,-0.371465671,-0.660174398,-0.218463144,-0.664705355,-0.287604254,1.070692872,-0.834222247,-1.039016192,1.230333172,0,0.501012055,-0.232734411,0.161047937,0.000199965,0.122847401,-0.466774218
K223,-0.939270506,-0.693858063,0.387463412,0.226604637,0.003339773,0.069566029,-0.728864786,-1.183954978,0,0.864221177,0.611330079,-0.371587317,-0.764235262,0.94410109,0.205298555,-0.262164032,-0.312662554,-0.042783417,-2.08842964,-0.57312866
T224,0.246192572,-0.236025762,-0.38369894,0.480617241,0.25230482,0.362534921,0.244523701,0.690441545,-0.316159203,-1.035712315,-0.239698457,0.208799691,0.200993793,0.253466282,-0.122964254,0.034561782,0,-0.876013992,0.952315423,-0.966581466
D225,0.258194926,-0.434849268,0,0.279060397,-0.588116145,-0.09907358,-1.690228316,0.12840151,0.918932166,0.839692099,0.068650693,0.651918367,0.521629255,0.114545952,0.277534864,0.153872053,-0.768948673,0.205386146,0.274808547,-0.261383954
K226,-0.156555852,-0.943199295,-0.70852188,0.512386404,-0.977579801,-0.289552814,-1.075459377,-0.176415951,0,0.016263322,-1.734462594,0.764431077,-0.311975608,-0.073742554,0.03442646,-0.058003924,0.206365404,-0.624803081,-1.478954298,0.890072368
S227,0.193283675,0.849901163,-1.749351205,0.265550418,0.208581655,-0.403188141,0.359951241,-1.665383785,-1.53950951,-0.520919404,0.360359779,1.010920157,0.574637714,0.537835956,0.188474383,0,0.044710176,0.241867235,1.039452803,0.532561457
K228,-0.536161649,0.203958084,-0.924879396,0.076225254,0.620920075,0.440078565,-1.305107595,0.00118621,0,0.406431524,-0.099248683,-0.216982863,0.041064271,-0.620223881,0.075028653,0.222940466,-0.491933386,0.192166529,0.931256633,0.189229024
D229,-0.073825102,-0.488519391,0,0.656502852,0.787823764,0.524910437,-0.725306137,0.311329789,-0.72843705,-0.205568213,-0.343448305,0.420369062,0.67447099,-0.205549613,-0.477754521,0.61793751,-0.083279671,-0.359066855,0.479727104,-0.316765799
V230,0.636630608,-1.116105151,0.176403028,-0.915345317,-0.294688277,0.754919709,-2.044290229,-0.873406849,-2.354308341,0.233292209,0.218841747,0.051977301,0.353911733,-0.108913231,0.339350285,0.038364356,-0.414129294,0,0.14855951,1.195802596
S231,-0.42192306,-1.465225668,0.408190428,0.199847068,-0.448446295,0.069493107,1.436655145,-0.861448846,0.576737012,0.150216417,-0.218842325,-0.8759532,0.235725146,0.134438986,0.429951192,0,-0.3583937,-0.317149576,-0.089794815,0.403104315
D232,-1.199322573,1.245849984,0,-0.091119024,-1.71425327,0.219452484,-1.049129728,-0.705518093,0.652393631,-0.526967283,0.677997118,0.659580835,0.378065904,-0.436291395,0.022365996,-0.179582497,1.135543154,0.207946012,0.545721637,-0.392112725
H233,0.404970085,-0.941479327,-1.18593225,-0.029436722,-0.522794376,0.372562274,0,-0.114953194,0.116346086,-0.148134235,-1.741532817,-0.30372955,0.105496134,-0.025165598,0.125123033,-0.082406811,0.714436532,-0.157039667,-1.559411327,-0.657708775
S234,0.142993631,-0.678445237,-0.151230427,-0.670083972,-0.331388532,0.336588343,0.037813054,-0.65747112,-0.512557665,0.146601321,0.377767863,-0.436216477,0.465946209,-0.911892959,-0.947820928,0,0.561055704,-0.274392522,-0.644486579,-0.485663829
I235,-0.437649359,0.759727911,-1.20159523,-1.756076768,-1.8440185,-0.61225106,0.483402927,0,0.110592504,-0.664406194,0.72258932,-0.874802764,0.287647532,0.366114268,0.078411796,-0.555540447,0.195753388,-0.666872682,-0.922056211,-1.482769905
D236,-0.779464926,-2.839380376,0,0.842169975,0.020387797,-0.089859638,-1.770953122,0.683655745,0.185852496,-1.147441149,-1.133698546,0.958127596,-0.221722219,-0.33032116,0.619123867,-0.188444997,1.770802909,0.04585628,0.359699002,0.664966599
I237,-0.701140974,-1.308897813,-0.173464009,-0.704830411,-0.228915586,0.176611222,-0.209115564,0,-0.294974271,-0.011221167,-0.413968283,-0.271805735,0.291314935,-0.383684194,-0.549465523,-0.835295795,-0.279991692,0.215443775,0.040684725,-0.509367365
A238,0,0.607320706,-0.107043431,0.638073006,0.787384809,-0.299607971,-0.281081645,0.038357201,0.152334351,-0.66279505,-0.58632979,0.06417702,0.558303787,0.239338422,0.154811841,-0.062523047,0.311298722,0.120168225,-0.978226281,-1.367600624
K239,0.615336479,-0.163528817,0.013978971,0.229806732,0.115552497,-0.142316376,-0.798075925,0.098982556,0,-1.28821148,-0.949119768,0.516477442,0.039198832,0.264419936,-0.126195133,-1.486136568,-0.161843657,-0.894324245,-1.120409358,-1.747739575
L240,0.726658928,-1.193649947,-0.861630607,0.974173236,-0.341436854,-0.246902911,0.415230895,-0.48910389,0.60090972,0,-0.030332157,-0.036203033,-0.406689388,-0.874658756,-0.404151232,0.259936439,0.328828628,-1.32499785,-0.34723146,0.484103228
T241,0.500156451,-0.71615448,0.302248335,0.169291264,-2.172401693,0.070548056,-1.923177382,0.019090014,0.412328909,-0.607286401,-0.548598776,-0.807044039,-0.330017542,-0.092935866,-0.496546161,0.19975412,0,0.143943673,-0.941620452,-0.434180597
T242,0.29167638,-1.976847237,-1.559436358,-1.694377146,-2.748345409,-0.300992818,-0.474791101,0.307641574,-0.968236917,0.432683492,-1.108023847,-1.191228551,1.826790519,-0.603246235,-0.820996709,-0.171701848,0,0.520251585,0.224080342,-0.246141677
V243,-0.451086762,-0.135244818,-0.290077528,1.532327912,0.285643114,0.51728094,-0.318292997,0.332546469,-0.852262227,0.19241667,-1.3829882,-0.646855324,0.982446051,0.887833931,-0.197997954,0.195411705,0.925087603,0,0.615418549,-0.02724062
I244,0.499675691,0.626797511,0.592399164,-0.551407174,-1.679213183,-0.152664461,-0.489653614,0,0.102959253,-0.036966155,0.616463032,0.038916986,-1.026820576,0.615706852,0.308649025,-0.51528916,0.497823039,0.300784229,-0.523406713,-0.238802624
P245,-0.17850821,-0.049225543,0.738139781,-0.830022239,-0.89075072,0.2699203,0.177478584,-0.458563958,-0.04071206,-0.365979919,-1.655270115,-1.193052013,0,0.067418016,-0.254796085,-0.296852888,-0.511272128,-1.089011679,-1.683252963,0.219432145
G246,-0.44529528,-0.652235544,-0.404301339,-1.057845566,-0.912881935,0,-2.070388644,-0.431096603,0.628024616,-0.086190638,-1.424155669,-0.806000402,0.178990896,-2.074173246,-0.249250722,0.167704823,-0.587085313,-0.777547924,-0.199219617,1.610252531
A247,0,0.480669011,0.472728431,1.201000576,-0.509417431,-0.652169055,0.627376342,-0.223457703,0.36410841,-1.435209084,-0.522583284,0.33665586,-1.220009887,0.169567525,0.534396553,0.390915354,-0.174241769,-0.226210035,0.351529833,0.158675663
V248,-0.059323127,0.033317029,-0.115746927,0.286255953,0.059639773,0.149356546,-1.844664788,-1.380160302,0.285199961,0.044382093,0.432893687,0.066629155,-0.177266368,-0.020514822,0.40204385,-0.155180041,-0.148225746,0,0.146878181,0.500298473
L249,-0.339119964,-0.540574507,-9.381253088,0.368458694,0.858067821,-0.092651876,-1.19720437,-1.075695684,-2.478272464,0,0.11975827,-0.844956394,-0.448668497,-0.174409039,0.000741104,0.41154875,0.258496033,-0.283623532,0.846364533,-2.167324316
D250,-0.554082042,-0.909445018,0,-0.834283309,0.258734219,-0.458843027,0.76551839,0.451623736,-0.176662471,-1.485224933,-0.886447701,0.105967458,-0.66186915,-1.450546151,-0.498726389,1.175698474,-0.587527248,-0.020552792,-1.607771886,0.839734231
S251,-1.269460486,-0.081159583,-0.020847779,-2.074819171,0.017755724,-0.446745894,-0.714095075,-1.049936213,0.296904898,-0.178059508,0.27592057,-2.121536577,0.310681571,-2.313413548,-0.810121135,0,-0.717855272,-0.552666465,-1.686334512,-0.16694531
A252,0,-1.689370483,-0.643671735,0.370517557,1.611944106,0.489057372,-0.636661706,-1.722951158,-0.28564826,0.054561161,-1.067615256,0.349285862,0.035978325,-1.013986049,0.115179079,0.576885274,-0.256727012,-0.33653921,0.492685227,1.080661781
V253,-0.005417494,-0.048507912,-0.015163336,-1.03332048,-1.032990291,0.35098187,-0.902837719,0.07646704,-1.626063213,0.35227438,-0.652829607,-0.263050225,0.617958299,0.524505644,0.207185265,0.056467814,0.196714356,0,-1.052933425,0.103567311
H254,0.677264147,0.325113135,-0.026053707,1.044622301,0.812051004,-0.708984452,0,-1.237872722,-1.73546536,-0.304707696,-0.48664087,0.66282918,-0.354660566,-0.342323272,-0.293519536,-1.268014759,0.271569187,0.151338936,0.244814445,0.075476271
Q255,-0.054345943,0.760980372,0.013110954,-0.971409595,-1.808920001,-0.134651264,-1.968656975,0.118380175,0.609326969,-0.317596704,0.60956334,0.619625894,-0.952265707,0,0.084892646,0.121654437,0.193011505,0.470118425,-0.160243044,0.178185372
P256,-1.004387488,-0.757771867,-0.030428898,-0.382374179,0.065879933,0.281557832,-2.478036524,-1.03667824,-1.403504667,-0.217334643,-1.14476003,-0.662607031,0,0.330874201,0.4181258,-0.305770829,-0.032642319,0.082489764,-0.472279469,-1.125401091
P257,-0.371418106,-1.941117852,1.024995286,1.079521386,-0.284813693,-0.09775548,0.509335569,-0.097889983,-0.244672025,-0.61600036,-1.430086427,0.225577631,0,0.563986357,-2.176172096,-0.497728956,-0.079832857,0.113864676,-1.807654018,0.506241505
A258,0,-2.372615667,-0.468037635,-0.703406233,-1.039376723,0.139207633,-2.566863837,-0.554507965,0.395873573,-0.120886935,0.588674485,0.769529336,0.355381526,-0.978130488,-0.630859423,-0.309253404,0.542847858,0.081290604,-0.268776247,-0.165955237
L259,0.28757994,-0.539162016,0.069368119,-1.308337788,-0.845819595,-0.533937769,-1.313544802,0.346578151,0.297102741,0,-0.965814182,-1.110704749,0.042894823,-0.641657041,-0.328864554,0.1410465,-0.668421087,0.244096204,0.171136192,0.962348145
H260,-1.083322365,-1.188078165,0.08454823,0.625444818,-0.829576246,-0.332738413,0,-1.91504895,-0.242009494,0.165866629,-0.163045884,-0.450487144,-0.69305779,0.322114648,-0.913160494,-1.473429408,-1.083353864,-0.722070333,-0.425983786,0.031746813
N261,-0.954844583,-0.197160854,-0.179754188,-1.870240387,-1.033406348,-0.276688066,-1.91737315,-0.265299536,0.589157261,-0.630936403,-0.56796193,0,0.200508992,-1.13619862,0.022115434,0.01500824,1.249773718,-0.396805386,-0.573053904,-1.162660907
V262,0.704524161,-0.124663783,-0.689767078,0.594509748,-0.212516133,-0.063622965,0.542389531,-0.299118523,-0.923705345,-0.520798087,-1.534395988,1.709746241,-0.080890387,0.115021663,-0.490415666,0.318236856,-0.328966871,0,0.373369814,-2.089771486
P263,-0.352011505,-0.410752119,0.302755076,-0.13066815,-1.247347206,-0.492554584,0.436633067,-0.439554072,0.648444331,-0.799801632,0.489790975,-0.329605236,0,0.331840692,0.080267589,-0.687558625,0.272714737,0.30658645,0.028912794,-0.950716107
E264,-0.825514389,-0.452081024,0.427635995,0,-0.327798464,-0.089379837,0.082747795,-1.490023006,0.413668352,-0.4408326,-1.192304934,-2.392262705,0.314382189,-1.231500857,-0.83499265,-0.426313691,-0.127296335,0.040859775,-0.776750411,-0.928253102
T265,0.495239207,-1.040987634,0.178561887,0.438447954,-0.370036379,-0.465161551,-1.174083781,-2.173350713,-0.125399807,-0.695239313,0.267147061,0.969321813,-0.740429079,-0.652701754,-0.148277289,0.152235897,0,-0.539299847,-1.274609517,-1.129321219
K266,0.194638744,0.508352005,-0.155896484,0.928997291,-0.74107794,-0.408860805,0.594579082,-1.500742719,0,0.151883033,-1.712448582,-0.118990671,-1.088904621,-1.067948569,-0.002599551,-0.523209681,-0.476491456,0.896035215,-0.675079985,0.538102581
I267,-0.46280397,-0.308885924,-1.044889924,-1.125273624,-0.972931254,-0.026550456,0.115793725,0,0.697934957,-0.858552716,-1.475646448,1.371942558,-0.073866191,-2.250861633,-0.232693913,-0.379519207,0.166223915,-0.915270003,-0.065128394,-0.575633556
Q268,-1.053181174,0.163877808,0.594307837,0.34356646,-0.397772031,-0.737356167,-0.414598654,-0.72856938,-0.683166567,-0.953695617,0.296734692,1.077582877,-0.383629911,0,-0.023740272,-0.372592958,0.202109133,-0.75505299,0.069588308,-0.360639932
L269,-0.190571234,-0.302012351,0.463737698,-0.38539707,0.889669223,0.649433444,-0.340448021,-2.092166172,-2.536383393,0,-1.10889766,0.241332927,-0.143459522,-1.140905272,0.031147057,-0.073957204,-0.723438438,0.106789554,0.206418388,-0.068554709
T270,-0.602743773,0.175666886,1.02181862,-0.030187612,-0.5699463,-0.142573511,-1.172596085,-0.328381762,0.024032786,-0.181715366,-0.327514935,-0.097225639,0.718852326,0.016241298,-0.011705605,0.398601316,0,-0.637794526,-0.228680791,-0.145061595
E271,0.184555382,0.409414061,0.139355572,0,-0.085173714,-0.274723612,-0.229908669,-0.472385808,1.303595564,0.89803051,-0.082732825,1.374091013,-0.398366194,-0.530052874,-0.129805812,0.38293504,0.53856824,-0.066951506,0.157135206,-2.18836142
V272,-0.109133806,-0.206303773,-0.86142027,0.322987599,0.505276513,0.056980757,0.574920493,-0.472938901,0.534818329,-0.029927323,-1.360127246,-0.425415415,-1.823657011,0.521018118,0.437128888,-0.693959171,0.324204502,0,-0.831042604,-0.448127556
K273,-0.582573479,-0.451826944,-0.583473639,-0.02088743,0.450652114,0.073138368,-2.055335278,-0.164189539,0,-0.644742429,-1.523892322,-0.944211856,-0.536996652,-1.001214173,-0.226522946,0.176662465,-0.360748787,-0.104745598,0.350457634,-1.701965856
S274,0.480890794,0.368216876,-0.32596202,-1.194945741,0.08653586,-0.006152347,-0.037135856,-0.41626285,0.731113109,-0.433554647,0.019544731,-0.745388415,-1.294012532,-0.567087682,-0.177556326,0,-0.781780164,-0.398956139,0.131345347,0.72839909
Q275,-0.029738901,-0.890401063,-0.078060088,0.202538923,-0.145495364,0.304206795,0.336517577,-1.307269032,0.070258235,-0.298734891,-0.945610338,1.564737619,-0.572001672,0,-0.018118812,-1.006033843,0.046731771,-0.288312801,-0.644303566,-0.308455796
N276,-0.929189988,-1.04317578,1.384688371,0.749097552,-0.640537691,-0.21205047,-0.830609715,-0.011975438,0.873617684,0.082116462,0.76331889,0,-0.058579088,-0.236825029,0.142298213,-0.277010187,-0.572155135,-0.678508721,0.536239255,1.034964982
M277,-0.63032173,-0.544543909,-0.74512922,0.543241343,-0.787501587,-0.238921484,-0.717384154,0.239998469,-0.651902172,-0.062372709,0,-0.13761748,-0.879416217,0.114197791,-0.400121666,-0.348134603,0.239921002,-0.889848576,0.246229413,-0.61720114
T278,-0.421275058,-1.250950554,0.029757489,-0.790762859,-1.036774853,0.348719048,-0.746706165,0.171727941,0.968040603,0.193379149,0.313106424,0.087949748,0.245031663,0.564208102,0.430056979,0.360505669,0,0.127172082,-0.424656953,-0.698691027
D279,-0.607666992,-0.046133079,0,-0.615645954,-0.299584981,-0.34254989,0.349774691,0.998173996,-0.490957325,-1.073196868,0.561564812,0.765101909,-0.713253277,-0.810217112,-0.400984577,-0.917259929,-0.043727656,-0.442913798,-0.543971599,0.802962672
P280,-0.259300769,-1.216880326,-0.190290135,-0.45760448,-0.731805586,-0.325840743,0.445824221,-1.769685957,0.692431993,-0.218259424,-0.451136558,-0.097321188,0,-0.186147639,0.224868308,-0.572247283,-0.539180257,-0.632963027,-0.409210133,-0.472877839
K281,0.670102064,0.191507096,0.938254445,1.458527899,0.454571184,0.186272558,-1.621130165,-1.754974167,0,-0.054277459,-0.073981113,1.04579475,0.801866973,0.39022697,0.665592295,0.209173459,0.204854394,-0.239998035,1.209913904,-0.747565288
D282,-0.312881858,-0.62077309,0,0.390528351,0.126784896,0.250815224,0.041361296,-2.302000773,0.760403823,-0.529006337,0.220192475,1.17909852,0.512038691,-0.263115576,-0.528633507,-0.487337037,-0.615766568,-1.603105932,-0.596556467,0.074786396
Q283,-0.742507545,-0.496619644,0.214611685,0.787073415,-0.283833529,-0.581997601,0.224524451,-0.022889735,0.115472531,-0.887590145,-2.590999584,-1.669909634,0.809654671,0,0.277957585,-0.093947859,-0.592846186,-1.039286565,-1.560939602,-2.116372818
I284,0.437726153,-0.815973911,-0.766270055,1.024591635,0.152269889,-0.06618145,-0.745269077,0,-0.845942461,-0.298351497,-0.741966859,0.129666406,-0.632870538,-0.478079244,-0.053896795,0.425963225,-0.078147459,-0.463159692,-0.037504452,0.521173184
N285,-0.880345149,-0.548739265,-0.446709575,-0.654555052,0.231941541,-0.108539966,-0.101201003,0.667598311,-0.125509663,-0.18612339,-0.209576583,0,-0.679224821,0.275011653,-0.031368181,0.271319784,-0.190577883,0.609805826,-0.805420766,0.282869957
K286,-0.211968063,-1.819114532,-0.376398343,0.319324874,1.249304845,-0.461620166,0.149459199,-1.872501828,0,0.057043209,-1.347899202,0.298762922,-0.790975,-1.726513387,0.35199227,-0.74939828,-0.621550272,-0.446148273,-1.474877173,0.843147454
D287,0.562316136,-0.382810451,0,-0.165959393,-1.27719982,-0.179128912,0.542013613,1.031984482,-0.779624888,-0.566987212,-2.258110153,-0.10923019,-0.390126067,0.491753907,-0.511568506,-0.329593977,-0.509198332,-0.173831377,-0.438016027,0.267176607
V288,0.04060115,0.611892922,0.918584135,-0.753427618,1.114776356,-0.033702576,-0.027997242,-0.322209471,0.484113443,-0.224924469,-0.854227778,-1.873249656,0.912096565,0.11381856,-0.073253255,-0.333775523,-0.97757329,0,0.623816601,-0.033271423
Q289,0.008772561,-0.150242524,-0.534261215,0.138845573,-1.674866693,0.336445247,0.538184569,1.054525479,-0.186815127,-0.521499137,0.047532263,-0.137346609,0.065910208,0,-0.096524362,-1.310337242,0.244684337,-0.161684863,0.088352411,0.190576231
K290,-0.387323044,0.40944008,-0.826196269,-0.401659199,-0.794723108,0.036383399,-0.40374247,-0.156891689,0,0.249907394,-0.837076916,-1.078638819,0.516057811,0.882881552,-0.340618045,-0.162424974,0.39521175,-0.395506481,0.168600246,-0.565930364
Q291,-0.442694273,-0.343653874,-0.136981061,-0.357728361,-0.419447499,-0.669718282,-0.460906939,-0.739113076,0.079917753,0.213921386,-0.084364891,-0.868265593,-0.37597663,0,-0.426852583,-0.177595844,-0.846214371,-0.244076261,-0.572733235,0.157472603
S292,0.128558739,-0.833017267,0.135238567,0.049352697,0.187377719,0.312787743,-0.038185958,-0.11656037,-0.62678272,-0.186376867,-0.390720415,-0.346212476,0.037927288,-0.521884109,-0.200708684,0,-0.506822966,-0.280865932,0.258833795,-0.04722257
Q293,0.851153592,-1.258700018,0.969126024,-0.035464793,-0.994649251,0.596985699,-0.029168491,-1.642595962,-0.342911225,-0.127968108,-1.851244259,0.485575393,-0.338935271,0,-0.122735267,0.324622975,-0.692200137,-0.049767518,-0.394557599,0.244137963
V294,-0.781873491,-0.756106031,-0.73662308,-0.964051121,0.892419963,0.397995599,-0.684364554,-0.007228,1.261662133,-0.385602057,-1.226491942,1.081203013,-0.552161876,0.631309045,-0.74013885,-0.702894895,-1.187672463,0,0.746272034,-0.184135723