,mutant
0,M1A
1,M1C
2,M1D
3,M1E
4,M1F
5,M1G
6,M1H
7,M1I
8,M1K
9,M1L
10,M1N
11,M1P
12,M1Q
13,M1R
14,M1S
15,M1T
16,M1V
17,M1W
18,M1Y
19,A2C
20,A2D
21,A2E
22,A2F
23,A2G
24,A2H
25,A2I
26,A2K
27,A2L
28,A2M
29,A2N
30,A2P
31,A2Q
32,A2R
33,A2S
34,A2T
35,A2V
36,A2W
37,A2Y
38,L3A
39,L3C
40,L3D
41,L3E
42,L3F
43,L3G
44,L3H
45,L3I
46,L3K
47,L3M
48,L3N
49,L3P
50,L3Q
51,L3R
52,L3S
53,L3T
54,L3V
55,L3W
56,L3Y
57,T4A
58,T4C
59,T4D
60,T4E
61,T4F
62,T4G
63,T4H
64,T4I
65,T4K
66,T4L
67,T4M
68,T4N
69,T4P
70,T4Q
71,T4R
72,T4S
73,T4V
74,T4W
75,T4Y
76,N5A
77,N5C
78,N5D
79,N5E
80,N5F
81,N5G
82,N5H
83,N5I
84,N5K
85,N5L
86,N5M
87,N5P
88,N5Q
89,N5R
90,N5S
91,N5T
92,N5V
93,N5W
94,N5Y
95,N6A
96,N6C
97,N6D
98,N6E
99,N6F
100,N6G
101,N6H
102,N6I
103,N6K
104,N6L
105,N6M
106,N6P
107,N6Q
108,N6R
109,N6S
110,N6T
111,N6V
112,N6W
113,N6Y
114,L7A
115,L7C
116,L7D
117,L7E
118,L7F
119,L7G
120,L7H
121,L7I
122,L7K
123,L7M
124,L7N
125,L7P
126,L7Q
127,L7R
128,L7S
129,L7T
130,L7V
131,L7W
132,L7Y
133,W8A
134,W8C
135,W8D
136,W8E
137,W8F
138,W8G
139,W8H
140,W8I
141,W8K
142,W8L
143,W8M
144,W8N
145,W8P
146,W8Q
147,W8R
148,W8S
149,W8T
150,W8V
151,W8Y
152,A9C
153,A9D
154,A9E
155,A9F
156,A9G
157,A9H
158,A9I
159,A9K
160,A9L
161,A9M
162,A9N
163,A9P
164,A9Q
165,A9R
166,A9S
167,A9T
168,A9V
169,A9W
170,A9Y
171,F10A
172,F10C
173,F10D
174,F10E
175,F10G
176,F10H
177,F10I
178,F10K
179,F10L
180,F10M
181,F10N
182,F10P
183,F10Q
184,F10R
185,F10S
186,F10T
187,F10V
188,F10W
189,F10Y
190,V11A
191,V11C
192,V11D
193,V11E
194,V11F
195,V11G
196,V11H
197,V11I
198,V11K
199,V11L
200,V11M
201,V11N
202,V11P
203,V11Q
204,V11R
205,V11S
206,V11T
207,V11W
208,V11Y
209,F12A
210,F12C
211,F12D
212,F12E
213,F12G
214,F12H
215,F12I
216,F12K
217,F12L
218,F12M
219,F12N
220,F12P
221,F12Q
222,F12R
223,F12S
224,F12T
225,F12V
226,F12W
227,F12Y
228,G13A
229,G13C
230,G13D
231,G13E
232,G13F
233,G13H
234,G13I
235,G13K
236,G13L
237,G13M
238,G13N
239,G13P
240,G13Q
241,G13R
242,G13S
243,G13T
244,G13V
245,G13W
246,G13Y
247,I14A
248,I14C
249,I14D
250,I14E
251,I14F
252,I14G
253,I14H
254,I14K
255,I14L
256,I14M
257,I14N
258,I14P
259,I14Q
260,I14R
261,I14S
262,I14T
263,I14V
264,I14W
265,I14Y
266,L15A
267,L15C
268,L15D
269,L15E
270,L15F
271,L15G
272,L15H
273,L15I
274,L15K
275,L15M
276,L15N
277,L15P
278,L15Q
279,L15R
280,L15S
281,L15T
282,L15V
283,L15W
284,L15Y
285,G16A
286,G16C
287,G16D
288,G16E
289,G16F
290,G16H
291,G16I
292,G16K
293,G16L
294,G16M
295,G16N
296,G16P
297,G16Q
298,G16R
299,G16S
300,G16T
301,G16V
302,G16W
303,G16Y
304,N17A
305,N17C
306,N17D
307,N17E
308,N17F
309,N17G
310,N17H
311,N17I
312,N17K
313,N17L
314,N17M
315,N17P
316,N17Q
317,N17R
318,N17S
319,N17T
320,N17V
321,N17W
322,N17Y
323,I18A
324,I18C
325,I18D
326,I18E
327,I18F
328,I18G
329,I18H
330,I18K
331,I18L
332,I18M
333,I18N
334,I18P
335,I18Q
336,I18R
337,I18S
338,I18T
339,I18V
340,I18W
341,I18Y
342,I19A
343,I19C
344,I19D
345,I19E
346,I19F
347,I19G
348,I19H
349,I19K
350,I19L
351,I19M
352,I19N
353,I19P
354,I19Q
355,I19R
356,I19S
357,I19T
358,I19V
359,I19W
360,I19Y
361,S20A
362,S20C
363,S20D
364,S20E
365,S20F
366,S20G
367,S20H
368,S20I
369,S20K
370,S20L
371,S20M
372,S20N
373,S20P
374,S20Q
375,S20R
376,S20T
377,S20V
378,S20W
379,S20Y
380,F21A
381,F21C
382,F21D
383,F21E
384,F21G
385,F21H
386,F21I
387,F21K
388,F21L
389,F21M
390,F21N
391,F21P
392,F21Q
393,F21R
394,F21S
395,F21T
396,F21V
397,F21W
398,F21Y
399,V22A
400,V22C
401,V22D
402,V22E
403,V22F
404,V22G
405,V22H
406,V22I
407,V22K
408,V22L
409,V22M
410,V22N
411,V22P
412,V22Q
413,V22R
414,V22S
415,V22T
416,V22W
417,V22Y
418,V23A
419,V23C
420,V23D
421,V23E
422,V23F
423,V23G
424,V23H
425,V23I
426,V23K
427,V23L
428,V23M
429,V23N
430,V23P
431,V23Q
432,V23R
433,V23S
434,V23T
435,V23W
436,V23Y
437,F24A
438,F24C
439,F24D
440,F24E
441,F24G
442,F24H
443,F24I
444,F24K
445,F24L
446,F24M
447,F24N
448,F24P
449,F24Q
450,F24R
451,F24S
452,F24T
453,F24V
454,F24W
455,F24Y
456,L25A
457,L25C
458,L25D
459,L25E
460,L25F
461,L25G
462,L25H
463,L25I
464,L25K
465,L25M
466,L25N
467,L25P
468,L25Q
469,L25R
470,L25S
471,L25T
472,L25V
473,L25W
474,L25Y
475,A26C
476,A26D
477,A26E
478,A26F
479,A26G
480,A26H
481,A26I
482,A26K
483,A26L
484,A26M
485,A26N
486,A26P
487,A26Q
488,A26R
489,A26S
490,A26T
491,A26V
492,A26W
493,A26Y
494,P27A
495,P27C
496,P27D
497,P27E
498,P27F
499,P27G
500,P27H
501,P27I
502,P27K
503,P27L
504,P27M
505,P27N
506,P27Q
507,P27R
508,P27S
509,P27T
510,P27V
511,P27W
512,P27Y
513,V28A
514,V28C
515,V28D
516,V28E
517,V28F
518,V28G
519,V28H
520,V28I
521,V28K
522,V28L
523,V28M
524,V28N
525,V28P
526,V28Q
527,V28R
528,V28S
529,V28T
530,V28W
531,V28Y
532,P29A
533,P29C
534,P29D
535,P29E
536,P29F
537,P29G
538,P29H
539,P29I
540,P29K
541,P29L
542,P29M
543,P29N
544,P29Q
545,P29R
546,P29S
547,P29T
548,P29V
549,P29W
550,P29Y
551,T30A
552,T30C
553,T30D
554,T30E
555,T30F
556,T30G
557,T30H
558,T30I
559,T30K
560,T30L
561,T30M
562,T30N
563,T30P
564,T30Q
565,T30R
566,T30S
567,T30V
568,T30W
569,T30Y
570,F31A
571,F31C
572,F31D
573,F31E
574,F31G
575,F31H
576,F31I
577,F31K
578,F31L
579,F31M
580,F31N
581,F31P
582,F31Q
583,F31R
584,F31S
585,F31T
586,F31V
587,F31W
588,F31Y
589,V32A
590,V32C
591,V32D
592,V32E
593,V32F
594,V32G
595,V32H
596,V32I
597,V32K
598,V32L
599,V32M
600,V32N
601,V32P
602,V32Q
603,V32R
604,V32S
605,V32T
606,V32W
607,V32Y
608,R33A
609,R33C
610,R33D
611,R33E
612,R33F
613,R33G
614,R33H
615,R33I
616,R33K
617,R33L
618,R33M
619,R33N
620,R33P
621,R33Q
622,R33S
623,R33T
624,R33V
625,R33W
626,R33Y
627,I34A
628,I34C
629,I34D
630,I34E
631,I34F
632,I34G
633,I34H
634,I34K
635,I34L
636,I34M
637,I34N
638,I34P
639,I34Q
640,I34R
641,I34S
642,I34T
643,I34V
644,I34W
645,I34Y
646,C35A
647,C35D
648,C35E
649,C35F
650,C35G
651,C35H
652,C35I
653,C35K
654,C35L
655,C35M
656,C35N
657,C35P
658,C35Q
659,C35R
660,C35S
661,C35T
662,C35V
663,C35W
664,C35Y
665,K36A
666,K36C
667,K36D
668,K36E
669,K36F
670,K36G
671,K36H
672,K36I
673,K36L
674,K36M
675,K36N
676,K36P
677,K36Q
678,K36R
679,K36S
680,K36T
681,K36V
682,K36W
683,K36Y
684,K37A
685,K37C
686,K37D
687,K37E
688,K37F
689,K37G
690,K37H
691,K37I
692,K37L
693,K37M
694,K37N
695,K37P
696,K37Q
697,K37R
698,K37S
699,K37T
700,K37V
701,K37W
702,K37Y
703,K38A
704,K38C
705,K38D
706,K38E
707,K38F
708,K38G
709,K38H
710,K38I
711,K38L
712,K38M
713,K38N
714,K38P
715,K38Q
716,K38R
717,K38S
718,K38T
719,K38V
720,K38W
721,K38Y
722,S39A
723,S39C
724,S39D
725,S39E
726,S39F
727,S39G
728,S39H
729,S39I
730,S39K
731,S39L
732,S39M
733,S39N
734,S39P
735,S39Q
736,S39R
737,S39T
738,S39V
739,S39W
740,S39Y
741,T40A
742,T40C
743,T40D
744,T40E
745,T40F
746,T40G
747,T40H
748,T40I
749,T40K
750,T40L
751,T40M
752,T40N
753,T40P
754,T40Q
755,T40R
756,T40S
757,T40V
758,T40W
759,T40Y
760,E41A
761,E41C
762,E41D
763,E41F
764,E41G
765,E41H
766,E41I
767,E41K
768,E41L
769,E41M
770,E41N
771,E41P
772,E41Q
773,E41R
774,E41S
775,E41T
776,E41V
777,E41W
778,E41Y
779,G42A
780,G42C
781,G42D
782,G42E
783,G42F
784,G42H
785,G42I
786,G42K
787,G42L
788,G42M
789,G42N
790,G42P
791,G42Q
792,G42R
793,G42S
794,G42T
795,G42V
796,G42W
797,G42Y
798,F43A
799,F43C
800,F43D
801,F43E
802,F43G
803,F43H
804,F43I
805,F43K
806,F43L
807,F43M
808,F43N
809,F43P
810,F43Q
811,F43R
812,F43S
813,F43T
814,F43V
815,F43W
816,F43Y
817,Q44A
818,Q44C
819,Q44D
820,Q44E
821,Q44F
822,Q44G
823,Q44H
824,Q44I
825,Q44K
826,Q44L
827,Q44M
828,Q44N
829,Q44P
830,Q44R
831,Q44S
832,Q44T
833,Q44V
834,Q44W
835,Q44Y
836,S45A
837,S45C
838,S45D
839,S45E
840,S45F
841,S45G
842,S45H
843,S45I
844,S45K
845,S45L
846,S45M
847,S45N
848,S45P
849,S45Q
850,S45R
851,S45T
852,S45V
853,S45W
854,S45Y
855,L46A
856,L46C
857,L46D
858,L46E
859,L46F
860,L46G
861,L46H
862,L46I
863,L46K
864,L46M
865,L46N
866,L46P
867,L46Q
868,L46R
869,L46S
870,L46T
871,L46V
872,L46W
873,L46Y
874,P47A
875,P47C
876,P47D
877,P47E
878,P47F
879,P47G
880,P47H
881,P47I
882,P47K
883,P47L
884,P47M
885,P47N
886,P47Q
887,P47R
888,P47S
889,P47T
890,P47V
891,P47W
892,P47Y
893,Y48A
894,Y48C
895,Y48D
896,Y48E
897,Y48F
898,Y48G
899,Y48H
900,Y48I
901,Y48K
902,Y48L
903,Y48M
904,Y48N
905,Y48P
906,Y48Q
907,Y48R
908,Y48S
909,Y48T
910,Y48V
911,Y48W
912,V49A
913,V49C
914,V49D
915,V49E
916,V49F
917,V49G
918,V49H
919,V49I
920,V49K
921,V49L
922,V49M
923,V49N
924,V49P
925,V49Q
926,V49R
927,V49S
928,V49T
929,V49W
930,V49Y
931,S50A
932,S50C
933,S50D
934,S50E
935,S50F
936,S50G
937,S50H
938,S50I
939,S50K
940,S50L
941,S50M
942,S50N
943,S50P
944,S50Q
945,S50R
946,S50T
947,S50V
948,S50W
949,S50Y
950,A51C
951,A51D
952,A51E
953,A51F
954,A51G
955,A51H
956,A51I
957,A51K
958,A51L
959,A51M
960,A51N
961,A51P
962,A51Q
963,A51R
964,A51S
965,A51T
966,A51V
967,A51W
968,A51Y
969,L52A
970,L52C
971,L52D
972,L52E
973,L52F
974,L52G
975,L52H
976,L52I
977,L52K
978,L52M
979,L52N
980,L52P
981,L52Q
982,L52R
983,L52S
984,L52T
985,L52V
986,L52W
987,L52Y
988,F53A
989,F53C
990,F53D
991,F53E
992,F53G
993,F53H
994,F53I
995,F53K
996,F53L
997,F53M
998,F53N
999,F53P
1000,F53Q
1001,F53R
1002,F53S
1003,F53T
1004,F53V
1005,F53W
1006,F53Y
1007,S54A
1008,S54C
1009,S54D
1010,S54E
1011,S54F
1012,S54G
1013,S54H
1014,S54I
1015,S54K
1016,S54L
1017,S54M
1018,S54N
1019,S54P
1020,S54Q
1021,S54R
1022,S54T
1023,S54V
1024,S54W
1025,S54Y
1026,A55C
1027,A55D
1028,A55E
1029,A55F
1030,A55G
1031,A55H
1032,A55I
1033,A55K
1034,A55L
1035,A55M
1036,A55N
1037,A55P
1038,A55Q
1039,A55R
1040,A55S
1041,A55T
1042,A55V
1043,A55W
1044,A55Y
1045,M56A
1046,M56C
1047,M56D
1048,M56E
1049,M56F
1050,M56G
1051,M56H
1052,M56I
1053,M56K
1054,M56L
1055,M56N
1056,M56P
1057,M56Q
1058,M56R
1059,M56S
1060,M56T
1061,M56V
1062,M56W
1063,M56Y
1064,L57A
1065,L57C
1066,L57D
1067,L57E
1068,L57F
1069,L57G
1070,L57H
1071,L57I
1072,L57K
1073,L57M
1074,L57N
1075,L57P
1076,L57Q
1077,L57R
1078,L57S
1079,L57T
1080,L57V
1081,L57W
1082,L57Y
1083,W58A
1084,W58C
1085,W58D
1086,W58E
1087,W58F
1088,W58G
1089,W58H
1090,W58I
1091,W58K
1092,W58L
1093,W58M
1094,W58N
1095,W58P
1096,W58Q
1097,W58R
1098,W58S
1099,W58T
1100,W58V
1101,W58Y
1102,I59A
1103,I59C
1104,I59D
1105,I59E
1106,I59F
1107,I59G
1108,I59H
1109,I59K
1110,I59L
1111,I59M
1112,I59N
1113,I59P
1114,I59Q
1115,I59R
1116,I59S
1117,I59T
1118,I59V
1119,I59W
1120,I59Y
1121,Y60A
1122,Y60C
1123,Y60D
1124,Y60E
1125,Y60F
1126,Y60G
1127,Y60H
1128,Y60I
1129,Y60K
1130,Y60L
1131,Y60M
1132,Y60N
1133,Y60P
1134,Y60Q
1135,Y60R
1136,Y60S
1137,Y60T
1138,Y60V
1139,Y60W
1140,Y61A
1141,Y61C
1142,Y61D
1143,Y61E
1144,Y61F
1145,Y61G
1146,Y61H
1147,Y61I
1148,Y61K
1149,Y61L
1150,Y61M
1151,Y61N
1152,Y61P
1153,Y61Q
1154,Y61R
1155,Y61S
1156,Y61T
1157,Y61V
1158,Y61W
1159,A62C
1160,A62D
1161,A62E
1162,A62F
1163,A62G
1164,A62H
1165,A62I
1166,A62K
1167,A62L
1168,A62M
1169,A62N
1170,A62P
1171,A62Q
1172,A62R
1173,A62S
1174,A62T
1175,A62V
1176,A62W
1177,A62Y
1178,M63A
1179,M63C
1180,M63D
1181,M63E
1182,M63F
1183,M63G
1184,M63H
1185,M63I
1186,M63K
1187,M63L
1188,M63N
1189,M63P
1190,M63Q
1191,M63R
1192,M63S
1193,M63T
1194,M63V
1195,M63W
1196,M63Y
1197,Q64A
1198,Q64C
1199,Q64D
1200,Q64E
1201,Q64F
1202,Q64G
1203,Q64H
1204,Q64I
1205,Q64K
1206,Q64L
1207,Q64M
1208,Q64N
1209,Q64P
1210,Q64R
1211,Q64S
1212,Q64T
1213,Q64V
1214,Q64W
1215,Q64Y
1216,K65A
1217,K65C
1218,K65D
1219,K65E
1220,K65F
1221,K65G
1222,K65H
1223,K65I
1224,K65L
1225,K65M
1226,K65N
1227,K65P
1228,K65Q
1229,K65R
1230,K65S
1231,K65T
1232,K65V
1233,K65W
1234,K65Y
1235,D66A
1236,D66C
1237,D66E
1238,D66F
1239,D66G
1240,D66H
1241,D66I
1242,D66K
1243,D66L
1244,D66M
1245,D66N
1246,D66P
1247,D66Q
1248,D66R
1249,D66S
1250,D66T
1251,D66V
1252,D66W
1253,D66Y
1254,G67A
1255,G67C
1256,G67D
1257,G67E
1258,G67F
1259,G67H
1260,G67I
1261,G67K
1262,G67L
1263,G67M
1264,G67N
1265,G67P
1266,G67Q
1267,G67R
1268,G67S
1269,G67T
1270,G67V
1271,G67W
1272,G67Y
1273,T68A
1274,T68C
1275,T68D
1276,T68E
1277,T68F
1278,T68G
1279,T68H
1280,T68I
1281,T68K
1282,T68L
1283,T68M
1284,T68N
1285,T68P
1286,T68Q
1287,T68R
1288,T68S
1289,T68V
1290,T68W
1291,T68Y
1292,A69C
1293,A69D
1294,A69E
1295,A69F
1296,A69G
1297,A69H
1298,A69I
1299,A69K
1300,A69L
1301,A69M
1302,A69N
1303,A69P
1304,A69Q
1305,A69R
1306,A69S
1307,A69T
1308,A69V
1309,A69W
1310,A69Y
1311,F70A
1312,F70C
1313,F70D
1314,F70E
1315,F70G
1316,F70H
1317,F70I
1318,F70K
1319,F70L
1320,F70M
1321,F70N
1322,F70P
1323,F70Q
1324,F70R
1325,F70S
1326,F70T
1327,F70V
1328,F70W
1329,F70Y
1330,L71A
1331,L71C
1332,L71D
1333,L71E
1334,L71F
1335,L71G
1336,L71H
1337,L71I
1338,L71K
1339,L71M
1340,L71N
1341,L71P
1342,L71Q
1343,L71R
1344,L71S
1345,L71T
1346,L71V
1347,L71W
1348,L71Y
1349,L72A
1350,L72C
1351,L72D
1352,L72E
1353,L72F
1354,L72G
1355,L72H
1356,L72I
1357,L72K
1358,L72M
1359,L72N
1360,L72P
1361,L72Q
1362,L72R
1363,L72S
1364,L72T
1365,L72V
1366,L72W
1367,L72Y
1368,I73A
1369,I73C
1370,I73D
1371,I73E
1372,I73F
1373,I73G
1374,I73H
1375,I73K
1376,I73L
1377,I73M
1378,I73N
1379,I73P
1380,I73Q
1381,I73R
1382,I73S
1383,I73T
1384,I73V
1385,I73W
1386,I73Y
1387,T74A
1388,T74C
1389,T74D
1390,T74E
1391,T74F
1392,T74G
1393,T74H
1394,T74I
1395,T74K
1396,T74L
1397,T74M
1398,T74N
1399,T74P
1400,T74Q
1401,T74R
1402,T74S
1403,T74V
1404,T74W
1405,T74Y
1406,I75A
1407,I75C
1408,I75D
1409,I75E
1410,I75F
1411,I75G
1412,I75H
1413,I75K
1414,I75L
1415,I75M
1416,I75N
1417,I75P
1418,I75Q
1419,I75R
1420,I75S
1421,I75T
1422,I75V
1423,I75W
1424,I75Y
1425,N76A
1426,N76C
1427,N76D
1428,N76E
1429,N76F
1430,N76G
1431,N76H
1432,N76I
1433,N76K
1434,N76L
1435,N76M
1436,N76P
1437,N76Q
1438,N76R
1439,N76S
1440,N76T
1441,N76V
1442,N76W
1443,N76Y
1444,A77C
1445,A77D
1446,A77E
1447,A77F
1448,A77G
1449,A77H
1450,A77I
1451,A77K
1452,A77L
1453,A77M
1454,A77N
1455,A77P
1456,A77Q
1457,A77R
1458,A77S
1459,A77T
1460,A77V
1461,A77W
1462,A77Y
1463,F78A
1464,F78C
1465,F78D
1466,F78E
1467,F78G
1468,F78H
1469,F78I
1470,F78K
1471,F78L
1472,F78M
1473,F78N
1474,F78P
1475,F78Q
1476,F78R
1477,F78S
1478,F78T
1479,F78V
1480,F78W
1481,F78Y
1482,G79A
1483,G79C
1484,G79D
1485,G79E
1486,G79F
1487,G79H
1488,G79I
1489,G79K
1490,G79L
1491,G79M
1492,G79N
1493,G79P
1494,G79Q
1495,G79R
1496,G79S
1497,G79T
1498,G79V
1499,G79W
1500,G79Y
1501,C80A
1502,C80D
1503,C80E
1504,C80F
1505,C80G
1506,C80H
1507,C80I
1508,C80K
1509,C80L
1510,C80M
1511,C80N
1512,C80P
1513,C80Q
1514,C80R
1515,C80S
1516,C80T
1517,C80V
1518,C80W
1519,C80Y
1520,V81A
1521,V81C
1522,V81D
1523,V81E
1524,V81F
1525,V81G
1526,V81H
1527,V81I
1528,V81K
1529,V81L
1530,V81M
1531,V81N
1532,V81P
1533,V81Q
1534,V81R
1535,V81S
1536,V81T
1537,V81W
1538,V81Y
1539,I82A
1540,I82C
1541,I82D
1542,I82E
1543,I82F
1544,I82G
1545,I82H
1546,I82K
1547,I82L
1548,I82M
1549,I82N
1550,I82P
1551,I82Q
1552,I82R
1553,I82S
1554,I82T
1555,I82V
1556,I82W
1557,I82Y
1558,E83A
1559,E83C
1560,E83D
1561,E83F
1562,E83G
1563,E83H
1564,E83I
1565,E83K
1566,E83L
1567,E83M
1568,E83N
1569,E83P
1570,E83Q
1571,E83R
1572,E83S
1573,E83T
1574,E83V
1575,E83W
1576,E83Y
1577,T84A
1578,T84C
1579,T84D
1580,T84E
1581,T84F
1582,T84G
1583,T84H
1584,T84I
1585,T84K
1586,T84L
1587,T84M
1588,T84N
1589,T84P
1590,T84Q
1591,T84R
1592,T84S
1593,T84V
1594,T84W
1595,T84Y
1596,I85A
1597,I85C
1598,I85D
1599,I85E
1600,I85F
1601,I85G
1602,I85H
1603,I85K
1604,I85L
1605,I85M
1606,I85N
1607,I85P
1608,I85Q
1609,I85R
1610,I85S
1611,I85T
1612,I85V
1613,I85W
1614,I85Y
1615,Y86A
1616,Y86C
1617,Y86D
1618,Y86E
1619,Y86F
1620,Y86G
1621,Y86H
1622,Y86I
1623,Y86K
1624,Y86L
1625,Y86M
1626,Y86N
1627,Y86P
1628,Y86Q
1629,Y86R
1630,Y86S
1631,Y86T
1632,Y86V
1633,Y86W
1634,I87A
1635,I87C
1636,I87D
1637,I87E
1638,I87F
1639,I87G
1640,I87H
1641,I87K
1642,I87L
1643,I87M
1644,I87N
1645,I87P
1646,I87Q
1647,I87R
1648,I87S
1649,I87T
1650,I87V
1651,I87W
1652,I87Y
1653,V88A
1654,V88C
1655,V88D
1656,V88E
1657,V88F
1658,V88G
1659,V88H
1660,V88I
1661,V88K
1662,V88L
1663,V88M
1664,V88N
1665,V88P
1666,V88Q
1667,V88R
1668,V88S
1669,V88T
1670,V88W
1671,V88Y
1672,L89A
1673,L89C
1674,L89D
1675,L89E
1676,L89F
1677,L89G
1678,L89H
1679,L89I
1680,L89K
1681,L89M
1682,L89N
1683,L89P
1684,L89Q
1685,L89R
1686,L89S
1687,L89T
1688,L89V
1689,L89W
1690,L89Y
1691,F90A
1692,F90C
1693,F90D
1694,F90E
1695,F90G
1696,F90H
1697,F90I
1698,F90K
1699,F90L
1700,F90M
1701,F90N
1702,F90P
1703,F90Q
1704,F90R
1705,F90S
1706,F90T
1707,F90V
1708,F90W
1709,F90Y
1710,V91A
1711,V91C
1712,V91D
1713,V91E
1714,V91F
1715,V91G
1716,V91H
1717,V91I
1718,V91K
1719,V91L
1720,V91M
1721,V91N
1722,V91P
1723,V91Q
1724,V91R
1725,V91S
1726,V91T
1727,V91W
1728,V91Y
1729,S92A
1730,S92C
1731,S92D
1732,S92E
1733,S92F
1734,S92G
1735,S92H
1736,S92I
1737,S92K
1738,S92L
1739,S92M
1740,S92N
1741,S92P
1742,S92Q
1743,S92R
1744,S92T
1745,S92V
1746,S92W
1747,S92Y
1748,Y93A
1749,Y93C
1750,Y93D
1751,Y93E
1752,Y93F
1753,Y93G
1754,Y93H
1755,Y93I
1756,Y93K
1757,Y93L
1758,Y93M
1759,Y93N
1760,Y93P
1761,Y93Q
1762,Y93R
1763,Y93S
1764,Y93T
1765,Y93V
1766,Y93W
1767,A94C
1768,A94D
1769,A94E
1770,A94F
1771,A94G
1772,A94H
1773,A94I
1774,A94K
1775,A94L
1776,A94M
1777,A94N
1778,A94P
1779,A94Q
1780,A94R
1781,A94S
1782,A94T
1783,A94V
1784,A94W
1785,A94Y
1786,N95A
1787,N95C
1788,N95D
1789,N95E
1790,N95F
1791,N95G
1792,N95H
1793,N95I
1794,N95K
1795,N95L
1796,N95M
1797,N95P
1798,N95Q
1799,N95R
1800,N95S
1801,N95T
1802,N95V
1803,N95W
1804,N95Y
1805,K96A
1806,K96C
1807,K96D
1808,K96E
1809,K96F
1810,K96G
1811,K96H
1812,K96I
1813,K96L
1814,K96M
1815,K96N
1816,K96P
1817,K96Q
1818,K96R
1819,K96S
1820,K96T
1821,K96V
1822,K96W
1823,K96Y
1824,K97A
1825,K97C
1826,K97D
1827,K97E
1828,K97F
1829,K97G
1830,K97H
1831,K97I
1832,K97L
1833,K97M
1834,K97N
1835,K97P
1836,K97Q
1837,K97R
1838,K97S
1839,K97T
1840,K97V
1841,K97W
1842,K97Y
1843,T98A
1844,T98C
1845,T98D
1846,T98E
1847,T98F
1848,T98G
1849,T98H
1850,T98I
1851,T98K
1852,T98L
1853,T98M
1854,T98N
1855,T98P
1856,T98Q
1857,T98R
1858,T98S
1859,T98V
1860,T98W
1861,T98Y
1862,R99A
1863,R99C
1864,R99D
1865,R99E
1866,R99F
1867,R99G
1868,R99H
1869,R99I
1870,R99K
1871,R99L
1872,R99M
1873,R99N
1874,R99P
1875,R99Q
1876,R99S
1877,R99T
1878,R99V
1879,R99W
1880,R99Y
1881,I100A
1882,I100C
1883,I100D
1884,I100E
1885,I100F
1886,I100G
1887,I100H
1888,I100K
1889,I100L
1890,I100M
1891,I100N
1892,I100P
1893,I100Q
1894,I100R
1895,I100S
1896,I100T
1897,I100V
1898,I100W
1899,I100Y
1900,S101A
1901,S101C
1902,S101D
1903,S101E
1904,S101F
1905,S101G
1906,S101H
1907,S101I
1908,S101K
1909,S101L
1910,S101M
1911,S101N
1912,S101P
1913,S101Q
1914,S101R
1915,S101T
1916,S101V
1917,S101W
1918,S101Y
1919,T102A
1920,T102C
1921,T102D
1922,T102E
1923,T102F
1924,T102G
1925,T102H
1926,T102I
1927,T102K
1928,T102L
1929,T102M
1930,T102N
1931,T102P
1932,T102Q
1933,T102R
1934,T102S
1935,T102V
1936,T102W
1937,T102Y
1938,L103A
1939,L103C
1940,L103D
1941,L103E
1942,L103F
1943,L103G
1944,L103H
1945,L103I
1946,L103K
1947,L103M
1948,L103N
1949,L103P
1950,L103Q
1951,L103R
1952,L103S
1953,L103T
1954,L103V
1955,L103W
1956,L103Y
1957,K104A
1958,K104C
1959,K104D
1960,K104E
1961,K104F
1962,K104G
1963,K104H
1964,K104I
1965,K104L
1966,K104M
1967,K104N
1968,K104P
1969,K104Q
1970,K104R
1971,K104S
1972,K104T
1973,K104V
1974,K104W
1975,K104Y
1976,V105A
1977,V105C
1978,V105D
1979,V105E
1980,V105F
1981,V105G
1982,V105H
1983,V105I
1984,V105K
1985,V105L
1986,V105M
1987,V105N
1988,V105P
1989,V105Q
1990,V105R
1991,V105S
1992,V105T
1993,V105W
1994,V105Y
1995,L106A
1996,L106C
1997,L106D
1998,L106E
1999,L106F
2000,L106G
2001,L106H
2002,L106I
2003,L106K
2004,L106M
2005,L106N
2006,L106P
2007,L106Q
2008,L106R
2009,L106S
2010,L106T
2011,L106V
2012,L106W
2013,L106Y
2014,G107A
2015,G107C
2016,G107D
2017,G107E
2018,G107F
2019,G107H
2020,G107I
2021,G107K
2022,G107L
2023,G107M
2024,G107N
2025,G107P
2026,G107Q
2027,G107R
2028,G107S
2029,G107T
2030,G107V
2031,G107W
2032,G107Y
2033,L108A
2034,L108C
2035,L108D
2036,L108E
2037,L108F
2038,L108G
2039,L108H
2040,L108I
2041,L108K
2042,L108M
2043,L108N
2044,L108P
2045,L108Q
2046,L108R
2047,L108S
2048,L108T
2049,L108V
2050,L108W
2051,L108Y
2052,L109A
2053,L109C
2054,L109D
2055,L109E
2056,L109F
2057,L109G
2058,L109H
2059,L109I
2060,L109K
2061,L109M
2062,L109N
2063,L109P
2064,L109Q
2065,L109R
2066,L109S
2067,L109T
2068,L109V
2069,L109W
2070,L109Y
2071,N110A
2072,N110C
2073,N110D
2074,N110E
2075,N110F
2076,N110G
2077,N110H
2078,N110I
2079,N110K
2080,N110L
2081,N110M
2082,N110P
2083,N110Q
2084,N110R
2085,N110S
2086,N110T
2087,N110V
2088,N110W
2089,N110Y
2090,F111A
2091,F111C
2092,F111D
2093,F111E
2094,F111G
2095,F111H
2096,F111I
2097,F111K
2098,F111L
2099,F111M
2100,F111N
2101,F111P
2102,F111Q
2103,F111R
2104,F111S
2105,F111T
2106,F111V
2107,F111W
2108,F111Y
2109,L112A
2110,L112C
2111,L112D
2112,L112E
2113,L112F
2114,L112G
2115,L112H
2116,L112I
2117,L112K
2118,L112M
2119,L112N
2120,L112P
2121,L112Q
2122,L112R
2123,L112S
2124,L112T
2125,L112V
2126,L112W
2127,L112Y
2128,G113A
2129,G113C
2130,G113D
2131,G113E
2132,G113F
2133,G113H
2134,G113I
2135,G113K
2136,G113L
2137,G113M
2138,G113N
2139,G113P
2140,G113Q
2141,G113R
2142,G113S
2143,G113T
2144,G113V
2145,G113W
2146,G113Y
2147,F114A
2148,F114C
2149,F114D
2150,F114E
2151,F114G
2152,F114H
2153,F114I
2154,F114K
2155,F114L
2156,F114M
2157,F114N
2158,F114P
2159,F114Q
2160,F114R
2161,F114S
2162,F114T
2163,F114V
2164,F114W
2165,F114Y
2166,A115C
2167,A115D
2168,A115E
2169,A115F
2170,A115G
2171,A115H
2172,A115I
2173,A115K
2174,A115L
2175,A115M
2176,A115N
2177,A115P
2178,A115Q
2179,A115R
2180,A115S
2181,A115T
2182,A115V
2183,A115W
2184,A115Y
2185,A116C
2186,A116D
2187,A116E
2188,A116F
2189,A116G
2190,A116H
2191,A116I
2192,A116K
2193,A116L
2194,A116M
2195,A116N
2196,A116P
2197,A116Q
2198,A116R
2199,A116S
2200,A116T
2201,A116V
2202,A116W
2203,A116Y
2204,I117A
2205,I117C
2206,I117D
2207,I117E
2208,I117F
2209,I117G
2210,I117H
2211,I117K
2212,I117L
2213,I117M
2214,I117N
2215,I117P
2216,I117Q
2217,I117R
2218,I117S
2219,I117T
2220,I117V
2221,I117W
2222,I117Y
2223,V118A
2224,V118C
2225,V118D
2226,V118E
2227,V118F
2228,V118G
2229,V118H
2230,V118I
2231,V118K
2232,V118L
2233,V118M
2234,V118N
2235,V118P
2236,V118Q
2237,V118R
2238,V118S
2239,V118T
2240,V118W
2241,V118Y
2242,L119A
2243,L119C
2244,L119D
2245,L119E
2246,L119F
2247,L119G
2248,L119H
2249,L119I
2250,L119K
2251,L119M
2252,L119N
2253,L119P
2254,L119Q
2255,L119R
2256,L119S
2257,L119T
2258,L119V
2259,L119W
2260,L119Y
2261,V120A
2262,V120C
2263,V120D
2264,V120E
2265,V120F
2266,V120G
2267,V120H
2268,V120I
2269,V120K
2270,V120L
2271,V120M
2272,V120N
2273,V120P
2274,V120Q
2275,V120R
2276,V120S
2277,V120T
2278,V120W
2279,V120Y
2280,C121A
2281,C121D
2282,C121E
2283,C121F
2284,C121G
2285,C121H
2286,C121I
2287,C121K
2288,C121L
2289,C121M
2290,C121N
2291,C121P
2292,C121Q
2293,C121R
2294,C121S
2295,C121T
2296,C121V
2297,C121W
2298,C121Y
2299,E122A
2300,E122C
2301,E122D
2302,E122F
2303,E122G
2304,E122H
2305,E122I
2306,E122K
2307,E122L
2308,E122M
2309,E122N
2310,E122P
2311,E122Q
2312,E122R
2313,E122S
2314,E122T
2315,E122V
2316,E122W
2317,E122Y
2318,L123A
2319,L123C
2320,L123D
2321,L123E
2322,L123F
2323,L123G
2324,L123H
2325,L123I
2326,L123K
2327,L123M
2328,L123N
2329,L123P
2330,L123Q
2331,L123R
2332,L123S
2333,L123T
2334,L123V
2335,L123W
2336,L123Y
2337,L124A
2338,L124C
2339,L124D
2340,L124E
2341,L124F
2342,L124G
2343,L124H
2344,L124I
2345,L124K
2346,L124M
2347,L124N
2348,L124P
2349,L124Q
2350,L124R
2351,L124S
2352,L124T
2353,L124V
2354,L124W
2355,L124Y
2356,T125A
2357,T125C
2358,T125D
2359,T125E
2360,T125F
2361,T125G
2362,T125H
2363,T125I
2364,T125K
2365,T125L
2366,T125M
2367,T125N
2368,T125P
2369,T125Q
2370,T125R
2371,T125S
2372,T125V
2373,T125W
2374,T125Y
2375,K126A
2376,K126C
2377,K126D
2378,K126E
2379,K126F
2380,K126G
2381,K126H
2382,K126I
2383,K126L
2384,K126M
2385,K126N
2386,K126P
2387,K126Q
2388,K126R
2389,K126S
2390,K126T
2391,K126V
2392,K126W
2393,K126Y
2394,G127A
2395,G127C
2396,G127D
2397,G127E
2398,G127F
2399,G127H
2400,G127I
2401,G127K
2402,G127L
2403,G127M
2404,G127N
2405,G127P
2406,G127Q
2407,G127R
2408,G127S
2409,G127T
2410,G127V
2411,G127W
2412,G127Y
2413,S128A
2414,S128C
2415,S128D
2416,S128E
2417,S128F
2418,S128G
2419,S128H
2420,S128I
2421,S128K
2422,S128L
2423,S128M
2424,S128N
2425,S128P
2426,S128Q
2427,S128R
2428,S128T
2429,S128V
2430,S128W
2431,S128Y
2432,T129A
2433,T129C
2434,T129D
2435,T129E
2436,T129F
2437,T129G
2438,T129H
2439,T129I
2440,T129K
2441,T129L
2442,T129M
2443,T129N
2444,T129P
2445,T129Q
2446,T129R
2447,T129S
2448,T129V
2449,T129W
2450,T129Y
2451,R130A
2452,R130C
2453,R130D
2454,R130E
2455,R130F
2456,R130G
2457,R130H
2458,R130I
2459,R130K
2460,R130L
2461,R130M
2462,R130N
2463,R130P
2464,R130Q
2465,R130S
2466,R130T
2467,R130V
2468,R130W
2469,R130Y
2470,E131A
2471,E131C
2472,E131D
2473,E131F
2474,E131G
2475,E131H
2476,E131I
2477,E131K
2478,E131L
2479,E131M
2480,E131N
2481,E131P
2482,E131Q
2483,E131R
2484,E131S
2485,E131T
2486,E131V
2487,E131W
2488,E131Y
2489,K132A
2490,K132C
2491,K132D
2492,K132E
2493,K132F
2494,K132G
2495,K132H
2496,K132I
2497,K132L
2498,K132M
2499,K132N
2500,K132P
2501,K132Q
2502,K132R
2503,K132S
2504,K132T
2505,K132V
2506,K132W
2507,K132Y
2508,V133A
2509,V133C
2510,V133D
2511,V133E
2512,V133F
2513,V133G
2514,V133H
2515,V133I
2516,V133K
2517,V133L
2518,V133M
2519,V133N
2520,V133P
2521,V133Q
2522,V133R
2523,V133S
2524,V133T
2525,V133W
2526,V133Y
2527,L134A
2528,L134C
2529,L134D
2530,L134E
2531,L134F
2532,L134G
2533,L134H
2534,L134I
2535,L134K
2536,L134M
2537,L134N
2538,L134P
2539,L134Q
2540,L134R
2541,L134S
2542,L134T
2543,L134V
2544,L134W
2545,L134Y
2546,G135A
2547,G135C
2548,G135D
2549,G135E
2550,G135F
2551,G135H
2552,G135I
2553,G135K
2554,G135L
2555,G135M
2556,G135N
2557,G135P
2558,G135Q
2559,G135R
2560,G135S
2561,G135T
2562,G135V
2563,G135W
2564,G135Y
2565,G136A
2566,G136C
2567,G136D
2568,G136E
2569,G136F
2570,G136H
2571,G136I
2572,G136K
2573,G136L
2574,G136M
2575,G136N
2576,G136P
2577,G136Q
2578,G136R
2579,G136S
2580,G136T
2581,G136V
2582,G136W
2583,G136Y
2584,I137A
2585,I137C
2586,I137D
2587,I137E
2588,I137F
2589,I137G
2590,I137H
2591,I137K
2592,I137L
2593,I137M
2594,I137N
2595,I137P
2596,I137Q
2597,I137R
2598,I137S
2599,I137T
2600,I137V
2601,I137W
2602,I137Y
2603,C138A
2604,C138D
2605,C138E
2606,C138F
2607,C138G
2608,C138H
2609,C138I
2610,C138K
2611,C138L
2612,C138M
2613,C138N
2614,C138P
2615,C138Q
2616,C138R
2617,C138S
2618,C138T
2619,C138V
2620,C138W
2621,C138Y
2622,V139A
2623,V139C
2624,V139D
2625,V139E
2626,V139F
2627,V139G
2628,V139H
2629,V139I
2630,V139K
2631,V139L
2632,V139M
2633,V139N
2634,V139P
2635,V139Q
2636,V139R
2637,V139S
2638,V139T
2639,V139W
2640,V139Y
2641,G140A
2642,G140C
2643,G140D
2644,G140E
2645,G140F
2646,G140H
2647,G140I
2648,G140K
2649,G140L
2650,G140M
2651,G140N
2652,G140P
2653,G140Q
2654,G140R
2655,G140S
2656,G140T
2657,G140V
2658,G140W
2659,G140Y
2660,F141A
2661,F141C
2662,F141D
2663,F141E
2664,F141G
2665,F141H
2666,F141I
2667,F141K
2668,F141L
2669,F141M
2670,F141N
2671,F141P
2672,F141Q
2673,F141R
2674,F141S
2675,F141T
2676,F141V
2677,F141W
2678,F141Y
2679,S142A
2680,S142C
2681,S142D
2682,S142E
2683,S142F
2684,S142G
2685,S142H
2686,S142I
2687,S142K
2688,S142L
2689,S142M
2690,S142N
2691,S142P
2692,S142Q
2693,S142R
2694,S142T
2695,S142V
2696,S142W
2697,S142Y
2698,V143A
2699,V143C
2700,V143D
2701,V143E
2702,V143F
2703,V143G
2704,V143H
2705,V143I
2706,V143K
2707,V143L
2708,V143M
2709,V143N
2710,V143P
2711,V143Q
2712,V143R
2713,V143S
2714,V143T
2715,V143W
2716,V143Y
2717,S144A
2718,S144C
2719,S144D
2720,S144E
2721,S144F
2722,S144G
2723,S144H
2724,S144I
2725,S144K
2726,S144L
2727,S144M
2728,S144N
2729,S144P
2730,S144Q
2731,S144R
2732,S144T
2733,S144V
2734,S144W
2735,S144Y
2736,V145A
2737,V145C
2738,V145D
2739,V145E
2740,V145F
2741,V145G
2742,V145H
2743,V145I
2744,V145K
2745,V145L
2746,V145M
2747,V145N
2748,V145P
2749,V145Q
2750,V145R
2751,V145S
2752,V145T
2753,V145W
2754,V145Y
2755,F146A
2756,F146C
2757,F146D
2758,F146E
2759,F146G
2760,F146H
2761,F146I
2762,F146K
2763,F146L
2764,F146M
2765,F146N
2766,F146P
2767,F146Q
2768,F146R
2769,F146S
2770,F146T
2771,F146V
2772,F146W
2773,F146Y
2774,A147C
2775,A147D
2776,A147E
2777,A147F
2778,A147G
2779,A147H
2780,A147I
2781,A147K
2782,A147L
2783,A147M
2784,A147N
2785,A147P
2786,A147Q
2787,A147R
2788,A147S
2789,A147T
2790,A147V
2791,A147W
2792,A147Y
2793,A148C
2794,A148D
2795,A148E
2796,A148F
2797,A148G
2798,A148H
2799,A148I
2800,A148K
2801,A148L
2802,A148M
2803,A148N
2804,A148P
2805,A148Q
2806,A148R
2807,A148S
2808,A148T
2809,A148V
2810,A148W
2811,A148Y
2812,P149A
2813,P149C
2814,P149D
2815,P149E
2816,P149F
2817,P149G
2818,P149H
2819,P149I
2820,P149K
2821,P149L
2822,P149M
2823,P149N
2824,P149Q
2825,P149R
2826,P149S
2827,P149T
2828,P149V
2829,P149W
2830,P149Y
2831,L150A
2832,L150C
2833,L150D
2834,L150E
2835,L150F
2836,L150G
2837,L150H
2838,L150I
2839,L150K
2840,L150M
2841,L150N
2842,L150P
2843,L150Q
2844,L150R
2845,L150S
2846,L150T
2847,L150V
2848,L150W
2849,L150Y
2850,S151A
2851,S151C
2852,S151D
2853,S151E
2854,S151F
2855,S151G
2856,S151H
2857,S151I
2858,S151K
2859,S151L
2860,S151M
2861,S151N
2862,S151P
2863,S151Q
2864,S151R
2865,S151T
2866,S151V
2867,S151W
2868,S151Y
2869,I152A
2870,I152C
2871,I152D
2872,I152E
2873,I152F
2874,I152G
2875,I152H
2876,I152K
2877,I152L
2878,I152M
2879,I152N
2880,I152P
2881,I152Q
2882,I152R
2883,I152S
2884,I152T
2885,I152V
2886,I152W
2887,I152Y
2888,M153A
2889,M153C
2890,M153D
2891,M153E
2892,M153F
2893,M153G
2894,M153H
2895,M153I
2896,M153K
2897,M153L
2898,M153N
2899,M153P
2900,M153Q
2901,M153R
2902,M153S
2903,M153T
2904,M153V
2905,M153W
2906,M153Y
2907,R154A
2908,R154C
2909,R154D
2910,R154E
2911,R154F
2912,R154G
2913,R154H
2914,R154I
2915,R154K
2916,R154L
2917,R154M
2918,R154N
2919,R154P
2920,R154Q
2921,R154S
2922,R154T
2923,R154V
2924,R154W
2925,R154Y
2926,V155A
2927,V155C
2928,V155D
2929,V155E
2930,V155F
2931,V155G
2932,V155H
2933,V155I
2934,V155K
2935,V155L
2936,V155M
2937,V155N
2938,V155P
2939,V155Q
2940,V155R
2941,V155S
2942,V155T
2943,V155W
2944,V155Y
2945,V156A
2946,V156C
2947,V156D
2948,V156E
2949,V156F
2950,V156G
2951,V156H
2952,V156I
2953,V156K
2954,V156L
2955,V156M
2956,V156N
2957,V156P
2958,V156Q
2959,V156R
2960,V156S
2961,V156T
2962,V156W
2963,V156Y
2964,V157A
2965,V157C
2966,V157D
2967,V157E
2968,V157F
2969,V157G
2970,V157H
2971,V157I
2972,V157K
2973,V157L
2974,V157M
2975,V157N
2976,V157P
2977,V157Q
2978,V157R
2979,V157S
2980,V157T
2981,V157W
2982,V157Y
2983,R158A
2984,R158C
2985,R158D
2986,R158E
2987,R158F
2988,R158G
2989,R158H
2990,R158I
2991,R158K
2992,R158L
2993,R158M
2994,R158N
2995,R158P
2996,R158Q
2997,R158S
2998,R158T
2999,R158V
3000,R158W
3001,R158Y
3002,T159A
3003,T159C
3004,T159D
3005,T159E
3006,T159F
3007,T159G
3008,T159H
3009,T159I
3010,T159K
3011,T159L
3012,T159M
3013,T159N
3014,T159P
3015,T159Q
3016,T159R
3017,T159S
3018,T159V
3019,T159W
3020,T159Y
3021,R160A
3022,R160C
3023,R160D
3024,R160E
3025,R160F
3026,R160G
3027,R160H
3028,R160I
3029,R160K
3030,R160L
3031,R160M
3032,R160N
3033,R160P
3034,R160Q
3035,R160S
3036,R160T
3037,R160V
3038,R160W
3039,R160Y
3040,S161A
3041,S161C
3042,S161D
3043,S161E
3044,S161F
3045,S161G
3046,S161H
3047,S161I
3048,S161K
3049,S161L
3050,S161M
3051,S161N
3052,S161P
3053,S161Q
3054,S161R
3055,S161T
3056,S161V
3057,S161W
3058,S161Y
3059,V162A
3060,V162C
3061,V162D
3062,V162E
3063,V162F
3064,V162G
3065,V162H
3066,V162I
3067,V162K
3068,V162L
3069,V162M
3070,V162N
3071,V162P
3072,V162Q
3073,V162R
3074,V162S
3075,V162T
3076,V162W
3077,V162Y
3078,E163A
3079,E163C
3080,E163D
3081,E163F
3082,E163G
3083,E163H
3084,E163I
3085,E163K
3086,E163L
3087,E163M
3088,E163N
3089,E163P
3090,E163Q
3091,E163R
3092,E163S
3093,E163T
3094,E163V
3095,E163W
3096,E163Y
3097,F164A
3098,F164C
3099,F164D
3100,F164E
3101,F164G
3102,F164H
3103,F164I
3104,F164K
3105,F164L
3106,F164M
3107,F164N
3108,F164P
3109,F164Q
3110,F164R
3111,F164S
3112,F164T
3113,F164V
3114,F164W
3115,F164Y
3116,M165A
3117,M165C
3118,M165D
3119,M165E
3120,M165F
3121,M165G
3122,M165H
3123,M165I
3124,M165K
3125,M165L
3126,M165N
3127,M165P
3128,M165Q
3129,M165R
3130,M165S
3131,M165T
3132,M165V
3133,M165W
3134,M165Y
3135,P166A
3136,P166C
3137,P166D
3138,P166E
3139,P166F
3140,P166G
3141,P166H
3142,P166I
3143,P166K
3144,P166L
3145,P166M
3146,P166N
3147,P166Q
3148,P166R
3149,P166S
3150,P166T
3151,P166V
3152,P166W
3153,P166Y
3154,F167A
3155,F167C
3156,F167D
3157,F167E
3158,F167G
3159,F167H
3160,F167I
3161,F167K
3162,F167L
3163,F167M
3164,F167N
3165,F167P
3166,F167Q
3167,F167R
3168,F167S
3169,F167T
3170,F167V
3171,F167W
3172,F167Y
3173,S168A
3174,S168C
3175,S168D
3176,S168E
3177,S168F
3178,S168G
3179,S168H
3180,S168I
3181,S168K
3182,S168L
3183,S168M
3184,S168N
3185,S168P
3186,S168Q
3187,S168R
3188,S168T
3189,S168V
3190,S168W
3191,S168Y
3192,L169A
3193,L169C
3194,L169D
3195,L169E
3196,L169F
3197,L169G
3198,L169H
3199,L169I
3200,L169K
3201,L169M
3202,L169N
3203,L169P
3204,L169Q
3205,L169R
3206,L169S
3207,L169T
3208,L169V
3209,L169W
3210,L169Y
3211,S170A
3212,S170C
3213,S170D
3214,S170E
3215,S170F
3216,S170G
3217,S170H
3218,S170I
3219,S170K
3220,S170L
3221,S170M
3222,S170N
3223,S170P
3224,S170Q
3225,S170R
3226,S170T
3227,S170V
3228,S170W
3229,S170Y
3230,L171A
3231,L171C
3232,L171D
3233,L171E
3234,L171F
3235,L171G
3236,L171H
3237,L171I
3238,L171K
3239,L171M
3240,L171N
3241,L171P
3242,L171Q
3243,L171R
3244,L171S
3245,L171T
3246,L171V
3247,L171W
3248,L171Y
3249,F172A
3250,F172C
3251,F172D
3252,F172E
3253,F172G
3254,F172H
3255,F172I
3256,F172K
3257,F172L
3258,F172M
3259,F172N
3260,F172P
3261,F172Q
3262,F172R
3263,F172S
3264,F172T
3265,F172V
3266,F172W
3267,F172Y
3268,L173A
3269,L173C
3270,L173D
3271,L173E
3272,L173F
3273,L173G
3274,L173H
3275,L173I
3276,L173K
3277,L173M
3278,L173N
3279,L173P
3280,L173Q
3281,L173R
3282,L173S
3283,L173T
3284,L173V
3285,L173W
3286,L173Y
3287,T174A
3288,T174C
3289,T174D
3290,T174E
3291,T174F
3292,T174G
3293,T174H
3294,T174I
3295,T174K
3296,T174L
3297,T174M
3298,T174N
3299,T174P
3300,T174Q
3301,T174R
3302,T174S
3303,T174V
3304,T174W
3305,T174Y
3306,I175A
3307,I175C
3308,I175D
3309,I175E
3310,I175F
3311,I175G
3312,I175H
3313,I175K
3314,I175L
3315,I175M
3316,I175N
3317,I175P
3318,I175Q
3319,I175R
3320,I175S
3321,I175T
3322,I175V
3323,I175W
3324,I175Y
3325,S176A
3326,S176C
3327,S176D
3328,S176E
3329,S176F
3330,S176G
3331,S176H
3332,S176I
3333,S176K
3334,S176L
3335,S176M
3336,S176N
3337,S176P
3338,S176Q
3339,S176R
3340,S176T
3341,S176V
3342,S176W
3343,S176Y
3344,A177C
3345,A177D
3346,A177E
3347,A177F
3348,A177G
3349,A177H
3350,A177I
3351,A177K
3352,A177L
3353,A177M
3354,A177N
3355,A177P
3356,A177Q
3357,A177R
3358,A177S
3359,A177T
3360,A177V
3361,A177W
3362,A177Y
3363,V178A
3364,V178C
3365,V178D
3366,V178E
3367,V178F
3368,V178G
3369,V178H
3370,V178I
3371,V178K
3372,V178L
3373,V178M
3374,V178N
3375,V178P
3376,V178Q
3377,V178R
3378,V178S
3379,V178T
3380,V178W
3381,V178Y
3382,T179A
3383,T179C
3384,T179D
3385,T179E
3386,T179F
3387,T179G
3388,T179H
3389,T179I
3390,T179K
3391,T179L
3392,T179M
3393,T179N
3394,T179P
3395,T179Q
3396,T179R
3397,T179S
3398,T179V
3399,T179W
3400,T179Y
3401,W180A
3402,W180C
3403,W180D
3404,W180E
3405,W180F
3406,W180G
3407,W180H
3408,W180I
3409,W180K
3410,W180L
3411,W180M
3412,W180N
3413,W180P
3414,W180Q
3415,W180R
3416,W180S
3417,W180T
3418,W180V
3419,W180Y
3420,L181A
3421,L181C
3422,L181D
3423,L181E
3424,L181F
3425,L181G
3426,L181H
3427,L181I
3428,L181K
3429,L181M
3430,L181N
3431,L181P
3432,L181Q
3433,L181R
3434,L181S
3435,L181T
3436,L181V
3437,L181W
3438,L181Y
3439,F182A
3440,F182C
3441,F182D
3442,F182E
3443,F182G
3444,F182H
3445,F182I
3446,F182K
3447,F182L
3448,F182M
3449,F182N
3450,F182P
3451,F182Q
3452,F182R
3453,F182S
3454,F182T
3455,F182V
3456,F182W
3457,F182Y
3458,Y183A
3459,Y183C
3460,Y183D
3461,Y183E
3462,Y183F
3463,Y183G
3464,Y183H
3465,Y183I
3466,Y183K
3467,Y183L
3468,Y183M
3469,Y183N
3470,Y183P
3471,Y183Q
3472,Y183R
3473,Y183S
3474,Y183T
3475,Y183V
3476,Y183W
3477,G184A
3478,G184C
3479,G184D
3480,G184E
3481,G184F
3482,G184H
3483,G184I
3484,G184K
3485,G184L
3486,G184M
3487,G184N
3488,G184P
3489,G184Q
3490,G184R
3491,G184S
3492,G184T
3493,G184V
3494,G184W
3495,G184Y
3496,L185A
3497,L185C
3498,L185D
3499,L185E
3500,L185F
3501,L185G
3502,L185H
3503,L185I
3504,L185K
3505,L185M
3506,L185N
3507,L185P
3508,L185Q
3509,L185R
3510,L185S
3511,L185T
3512,L185V
3513,L185W
3514,L185Y
3515,A186C
3516,A186D
3517,A186E
3518,A186F
3519,A186G
3520,A186H
3521,A186I
3522,A186K
3523,A186L
3524,A186M
3525,A186N
3526,A186P
3527,A186Q
3528,A186R
3529,A186S
3530,A186T
3531,A186V
3532,A186W
3533,A186Y
3534,I187A
3535,I187C
3536,I187D
3537,I187E
3538,I187F
3539,I187G
3540,I187H
3541,I187K
3542,I187L
3543,I187M
3544,I187N
3545,I187P
3546,I187Q
3547,I187R
3548,I187S
3549,I187T
3550,I187V
3551,I187W
3552,I187Y
3553,K188A
3554,K188C
3555,K188D
3556,K188E
3557,K188F
3558,K188G
3559,K188H
3560,K188I
3561,K188L
3562,K188M
3563,K188N
3564,K188P
3565,K188Q
3566,K188R
3567,K188S
3568,K188T
3569,K188V
3570,K188W
3571,K188Y
3572,D189A
3573,D189C
3574,D189E
3575,D189F
3576,D189G
3577,D189H
3578,D189I
3579,D189K
3580,D189L
3581,D189M
3582,D189N
3583,D189P
3584,D189Q
3585,D189R
3586,D189S
3587,D189T
3588,D189V
3589,D189W
3590,D189Y
3591,F190A
3592,F190C
3593,F190D
3594,F190E
3595,F190G
3596,F190H
3597,F190I
3598,F190K
3599,F190L
3600,F190M
3601,F190N
3602,F190P
3603,F190Q
3604,F190R
3605,F190S
3606,F190T
3607,F190V
3608,F190W
3609,F190Y
3610,Y191A
3611,Y191C
3612,Y191D
3613,Y191E
3614,Y191F
3615,Y191G
3616,Y191H
3617,Y191I
3618,Y191K
3619,Y191L
3620,Y191M
3621,Y191N
3622,Y191P
3623,Y191Q
3624,Y191R
3625,Y191S
3626,Y191T
3627,Y191V
3628,Y191W
3629,V192A
3630,V192C
3631,V192D
3632,V192E
3633,V192F
3634,V192G
3635,V192H
3636,V192I
3637,V192K
3638,V192L
3639,V192M
3640,V192N
3641,V192P
3642,V192Q
3643,V192R
3644,V192S
3645,V192T
3646,V192W
3647,V192Y
3648,A193C
3649,A193D
3650,A193E
3651,A193F
3652,A193G
3653,A193H
3654,A193I
3655,A193K
3656,A193L
3657,A193M
3658,A193N
3659,A193P
3660,A193Q
3661,A193R
3662,A193S
3663,A193T
3664,A193V
3665,A193W
3666,A193Y
3667,L194A
3668,L194C
3669,L194D
3670,L194E
3671,L194F
3672,L194G
3673,L194H
3674,L194I
3675,L194K
3676,L194M
3677,L194N
3678,L194P
3679,L194Q
3680,L194R
3681,L194S
3682,L194T
3683,L194V
3684,L194W
3685,L194Y
3686,P195A
3687,P195C
3688,P195D
3689,P195E
3690,P195F
3691,P195G
3692,P195H
3693,P195I
3694,P195K
3695,P195L
3696,P195M
3697,P195N
3698,P195Q
3699,P195R
3700,P195S
3701,P195T
3702,P195V
3703,P195W
3704,P195Y
3705,N196A
3706,N196C
3707,N196D
3708,N196E
3709,N196F
3710,N196G
3711,N196H
3712,N196I
3713,N196K
3714,N196L
3715,N196M
3716,N196P
3717,N196Q
3718,N196R
3719,N196S
3720,N196T
3721,N196V
3722,N196W
3723,N196Y
3724,V197A
3725,V197C
3726,V197D
3727,V197E
3728,V197F
3729,V197G
3730,V197H
3731,V197I
3732,V197K
3733,V197L
3734,V197M
3735,V197N
3736,V197P
3737,V197Q
3738,V197R
3739,V197S
3740,V197T
3741,V197W
3742,V197Y
3743,L198A
3744,L198C
3745,L198D
3746,L198E
3747,L198F
3748,L198G
3749,L198H
3750,L198I
3751,L198K
3752,L198M
3753,L198N
3754,L198P
3755,L198Q
3756,L198R
3757,L198S
3758,L198T
3759,L198V
3760,L198W
3761,L198Y
3762,G199A
3763,G199C
3764,G199D
3765,G199E
3766,G199F
3767,G199H
3768,G199I
3769,G199K
3770,G199L
3771,G199M
3772,G199N
3773,G199P
3774,G199Q
3775,G199R
3776,G199S
3777,G199T
3778,G199V
3779,G199W
3780,G199Y
3781,A200C
3782,A200D
3783,A200E
3784,A200F
3785,A200G
3786,A200H
3787,A200I
3788,A200K
3789,A200L
3790,A200M
3791,A200N
3792,A200P
3793,A200Q
3794,A200R
3795,A200S
3796,A200T
3797,A200V
3798,A200W
3799,A200Y
3800,F201A
3801,F201C
3802,F201D
3803,F201E
3804,F201G
3805,F201H
3806,F201I
3807,F201K
3808,F201L
3809,F201M
3810,F201N
3811,F201P
3812,F201Q
3813,F201R
3814,F201S
3815,F201T
3816,F201V
3817,F201W
3818,F201Y
3819,L202A
3820,L202C
3821,L202D
3822,L202E
3823,L202F
3824,L202G
3825,L202H
3826,L202I
3827,L202K
3828,L202M
3829,L202N
3830,L202P
3831,L202Q
3832,L202R
3833,L202S
3834,L202T
3835,L202V
3836,L202W
3837,L202Y
3838,G203A
3839,G203C
3840,G203D
3841,G203E
3842,G203F
3843,G203H
3844,G203I
3845,G203K
3846,G203L
3847,G203M
3848,G203N
3849,G203P
3850,G203Q
3851,G203R
3852,G203S
3853,G203T
3854,G203V
3855,G203W
3856,G203Y
3857,A204C
3858,A204D
3859,A204E
3860,A204F
3861,A204G
3862,A204H
3863,A204I
3864,A204K
3865,A204L
3866,A204M
3867,A204N
3868,A204P
3869,A204Q
3870,A204R
3871,A204S
3872,A204T
3873,A204V
3874,A204W
3875,A204Y
3876,V205A
3877,V205C
3878,V205D
3879,V205E
3880,V205F
3881,V205G
3882,V205H
3883,V205I
3884,V205K
3885,V205L
3886,V205M
3887,V205N
3888,V205P
3889,V205Q
3890,V205R
3891,V205S
3892,V205T
3893,V205W
3894,V205Y
3895,Q206A
3896,Q206C
3897,Q206D
3898,Q206E
3899,Q206F
3900,Q206G
3901,Q206H
3902,Q206I
3903,Q206K
3904,Q206L
3905,Q206M
3906,Q206N
3907,Q206P
3908,Q206R
3909,Q206S
3910,Q206T
3911,Q206V
3912,Q206W
3913,Q206Y
3914,M207A
3915,M207C
3916,M207D
3917,M207E
3918,M207F
3919,M207G
3920,M207H
3921,M207I
3922,M207K
3923,M207L
3924,M207N
3925,M207P
3926,M207Q
3927,M207R
3928,M207S
3929,M207T
3930,M207V
3931,M207W
3932,M207Y
3933,I208A
3934,I208C
3935,I208D
3936,I208E
3937,I208F
3938,I208G
3939,I208H
3940,I208K
3941,I208L
3942,I208M
3943,I208N
3944,I208P
3945,I208Q
3946,I208R
3947,I208S
3948,I208T
3949,I208V
3950,I208W
3951,I208Y
3952,L209A
3953,L209C
3954,L209D
3955,L209E
3956,L209F
3957,L209G
3958,L209H
3959,L209I
3960,L209K
3961,L209M
3962,L209N
3963,L209P
3964,L209Q
3965,L209R
3966,L209S
3967,L209T
3968,L209V
3969,L209W
3970,L209Y
3971,Y210A
3972,Y210C
3973,Y210D
3974,Y210E
3975,Y210F
3976,Y210G
3977,Y210H
3978,Y210I
3979,Y210K
3980,Y210L
3981,Y210M
3982,Y210N
3983,Y210P
3984,Y210Q
3985,Y210R
3986,Y210S
3987,Y210T
3988,Y210V
3989,Y210W
3990,I211A
3991,I211C
3992,I211D
3993,I211E
3994,I211F
3995,I211G
3996,I211H
3997,I211K
3998,I211L
3999,I211M
4000,I211N
4001,I211P
4002,I211Q
4003,I211R
4004,I211S
4005,I211T
4006,I211V
4007,I211W
4008,I211Y
4009,I212A
4010,I212C
4011,I212D
4012,I212E
4013,I212F
4014,I212G
4015,I212H
4016,I212K
4017,I212L
4018,I212M
4019,I212N
4020,I212P
4021,I212Q
4022,I212R
4023,I212S
4024,I212T
4025,I212V
4026,I212W
4027,I212Y
4028,F213A
4029,F213C
4030,F213D
4031,F213E
4032,F213G
4033,F213H
4034,F213I
4035,F213K
4036,F213L
4037,F213M
4038,F213N
4039,F213P
4040,F213Q
4041,F213R
4042,F213S
4043,F213T
4044,F213V
4045,F213W
4046,F213Y
4047,K214A
4048,K214C
4049,K214D
4050,K214E
4051,K214F
4052,K214G
4053,K214H
4054,K214I
4055,K214L
4056,K214M
4057,K214N
4058,K214P
4059,K214Q
4060,K214R
4061,K214S
4062,K214T
4063,K214V
4064,K214W
4065,K214Y
4066,Y215A
4067,Y215C
4068,Y215D
4069,Y215E
4070,Y215F
4071,Y215G
4072,Y215H
4073,Y215I
4074,Y215K
4075,Y215L
4076,Y215M
4077,Y215N
4078,Y215P
4079,Y215Q
4080,Y215R
4081,Y215S
4082,Y215T
4083,Y215V
4084,Y215W
4085,Y216A
4086,Y216C
4087,Y216D
4088,Y216E
4089,Y216F
4090,Y216G
4091,Y216H
4092,Y216I
4093,Y216K
4094,Y216L
4095,Y216M
4096,Y216N
4097,Y216P
4098,Y216Q
4099,Y216R
4100,Y216S
4101,Y216T
4102,Y216V
4103,Y216W
4104,K217A
4105,K217C
4106,K217D
4107,K217E
4108,K217F
4109,K217G
4110,K217H
4111,K217I
4112,K217L
4113,K217M
4114,K217N
4115,K217P
4116,K217Q
4117,K217R
4118,K217S
4119,K217T
4120,K217V
4121,K217W
4122,K217Y
4123,T218A
4124,T218C
4125,T218D
4126,T218E
4127,T218F
4128,T218G
4129,T218H
4130,T218I
4131,T218K
4132,T218L
4133,T218M
4134,T218N
4135,T218P
4136,T218Q
4137,T218R
4138,T218S
4139,T218V
4140,T218W
4141,T218Y
4142,P219A
4143,P219C
4144,P219D
4145,P219E
4146,P219F
4147,P219G
4148,P219H
4149,P219I
4150,P219K
4151,P219L
4152,P219M
4153,P219N
4154,P219Q
4155,P219R
4156,P219S
4157,P219T
4158,P219V
4159,P219W
4160,P219Y
4161,V220A
4162,V220C
4163,V220D
4164,V220E
4165,V220F
4166,V220G
4167,V220H
4168,V220I
4169,V220K
4170,V220L
4171,V220M
4172,V220N
4173,V220P
4174,V220Q
4175,V220R
4176,V220S
4177,V220T
4178,V220W
4179,V220Y
4180,A221C
4181,A221D
4182,A221E
4183,A221F
4184,A221G
4185,A221H
4186,A221I
4187,A221K
4188,A221L
4189,A221M
4190,A221N
4191,A221P
4192,A221Q
4193,A221R
4194,A221S
4195,A221T
4196,A221V
4197,A221W
4198,A221Y
4199,Q222A
4200,Q222C
4201,Q222D
4202,Q222E
4203,Q222F
4204,Q222G
4205,Q222H
4206,Q222I
4207,Q222K
4208,Q222L
4209,Q222M
4210,Q222N
4211,Q222P
4212,Q222R
4213,Q222S
4214,Q222T
4215,Q222V
4216,Q222W
4217,Q222Y
4218,K223A
4219,K223C
4220,K223D
4221,K223E
4222,K223F
4223,K223G
4224,K223H
4225,K223I
4226,K223L
4227,K223M
4228,K223N
4229,K223P
4230,K223Q
4231,K223R
4232,K223S
4233,K223T
4234,K223V
4235,K223W
4236,K223Y
4237,T224A
4238,T224C
4239,T224D
4240,T224E
4241,T224F
4242,T224G
4243,T224H
4244,T224I
4245,T224K
4246,T224L
4247,T224M
4248,T224N
4249,T224P
4250,T224Q
4251,T224R
4252,T224S
4253,T224V
4254,T224W
4255,T224Y
4256,D225A
4257,D225C
4258,D225E
4259,D225F
4260,D225G
4261,D225H
4262,D225I
4263,D225K
4264,D225L
4265,D225M
4266,D225N
4267,D225P
4268,D225Q
4269,D225R
4270,D225S
4271,D225T
4272,D225V
4273,D225W
4274,D225Y
4275,K226A
4276,K226C
4277,K226D
4278,K226E
4279,K226F
4280,K226G
4281,K226H
4282,K226I
4283,K226L
4284,K226M
4285,K226N
4286,K226P
4287,K226Q
4288,K226R
4289,K226S
4290,K226T
4291,K226V
4292,K226W
4293,K226Y
4294,S227A
4295,S227C
4296,S227D
4297,S227E
4298,S227F
4299,S227G
4300,S227H
4301,S227I
4302,S227K
4303,S227L
4304,S227M
4305,S227N
4306,S227P
4307,S227Q
4308,S227R
4309,S227T
4310,S227V
4311,S227W
4312,S227Y
4313,K228A
4314,K228C
4315,K228D
4316,K228E
4317,K228F
4318,K228G
4319,K228H
4320,K228I
4321,K228L
4322,K228M
4323,K228N
4324,K228P
4325,K228Q
4326,K228R
4327,K228S
4328,K228T
4329,K228V
4330,K228W
4331,K228Y
4332,D229A
4333,D229C
4334,D229E
4335,D229F
4336,D229G
4337,D229H
4338,D229I
4339,D229K
4340,D229L
4341,D229M
4342,D229N
4343,D229P
4344,D229Q
4345,D229R
4346,D229S
4347,D229T
4348,D229V
4349,D229W
4350,D229Y
4351,V230A
4352,V230C
4353,V230D
4354,V230E
4355,V230F
4356,V230G
4357,V230H
4358,V230I
4359,V230K
4360,V230L
4361,V230M
4362,V230N
4363,V230P
4364,V230Q
4365,V230R
4366,V230S
4367,V230T
4368,V230W
4369,V230Y
4370,S231A
4371,S231C
4372,S231D
4373,S231E
4374,S231F
4375,S231G
4376,S231H
4377,S231I
4378,S231K
4379,S231L
4380,S231M
4381,S231N
4382,S231P
4383,S231Q
4384,S231R
4385,S231T
4386,S231V
4387,S231W
4388,S231Y
4389,D232A
4390,D232C
4391,D232E
4392,D232F
4393,D232G
4394,D232H
4395,D232I
4396,D232K
4397,D232L
4398,D232M
4399,D232N
4400,D232P
4401,D232Q
4402,D232R
4403,D232S
4404,D232T
4405,D232V
4406,D232W
4407,D232Y
4408,H233A
4409,H233C
4410,H233D
4411,H233E
4412,H233F
4413,H233G
4414,H233I
4415,H233K
4416,H233L
4417,H233M
4418,H233N
4419,H233P
4420,H233Q
4421,H233R
4422,H233S
4423,H233T
4424,H233V
4425,H233W
4426,H233Y
4427,S234A
4428,S234C
4429,S234D
4430,S234E
4431,S234F
4432,S234G
4433,S234H
4434,S234I
4435,S234K
4436,S234L
4437,S234M
4438,S234N
4439,S234P
4440,S234Q
4441,S234R
4442,S234T
4443,S234V
4444,S234W
4445,S234Y
4446,I235A
4447,I235C
4448,I235D
4449,I235E
4450,I235F
4451,I235G
4452,I235H
4453,I235K
4454,I235L
4455,I235M
4456,I235N
4457,I235P
4458,I235Q
4459,I235R
4460,I235S
4461,I235T
4462,I235V
4463,I235W
4464,I235Y
4465,D236A
4466,D236C
4467,D236E
4468,D236F
4469,D236G
4470,D236H
4471,D236I
4472,D236K
4473,D236L
4474,D236M
4475,D236N
4476,D236P
4477,D236Q
4478,D236R
4479,D236S
4480,D236T
4481,D236V
4482,D236W
4483,D236Y
4484,I237A
4485,I237C
4486,I237D
4487,I237E
4488,I237F
4489,I237G
4490,I237H
4491,I237K
4492,I237L
4493,I237M
4494,I237N
4495,I237P
4496,I237Q
4497,I237R
4498,I237S
4499,I237T
4500,I237V
4501,I237W
4502,I237Y
4503,A238C
4504,A238D
4505,A238E
4506,A238F
4507,A238G
4508,A238H
4509,A238I
4510,A238K
4511,A238L
4512,A238M
4513,A238N
4514,A238P
4515,A238Q
4516,A238R
4517,A238S
4518,A238T
4519,A238V
4520,A238W
4521,A238Y
4522,K239A
4523,K239C
4524,K239D
4525,K239E
4526,K239F
4527,K239G
4528,K239H
4529,K239I
4530,K239L
4531,K239M
4532,K239N
4533,K239P
4534,K239Q
4535,K239R
4536,K239S
4537,K239T
4538,K239V
4539,K239W
4540,K239Y
4541,L240A
4542,L240C
4543,L240D
4544,L240E
4545,L240F
4546,L240G
4547,L240H
4548,L240I
4549,L240K
4550,L240M
4551,L240N
4552,L240P
4553,L240Q
4554,L240R
4555,L240S
4556,L240T
4557,L240V
4558,L240W
4559,L240Y
4560,T241A
4561,T241C
4562,T241D
4563,T241E
4564,T241F
4565,T241G
4566,T241H
4567,T241I
4568,T241K
4569,T241L
4570,T241M
4571,T241N
4572,T241P
4573,T241Q
4574,T241R
4575,T241S
4576,T241V
4577,T241W
4578,T241Y
4579,T242A
4580,T242C
4581,T242D
4582,T242E
4583,T242F
4584,T242G
4585,T242H
4586,T242I
4587,T242K
4588,T242L
4589,T242M
4590,T242N
4591,T242P
4592,T242Q
4593,T242R
4594,T242S
4595,T242V
4596,T242W
4597,T242Y
4598,V243A
4599,V243C
4600,V243D
4601,V243E
4602,V243F
4603,V243G
4604,V243H
4605,V243I
4606,V243K
4607,V243L
4608,V243M
4609,V243N
4610,V243P
4611,V243Q
4612,V243R
4613,V243S
4614,V243T
4615,V243W
4616,V243Y
4617,I244A
4618,I244C
4619,I244D
4620,I244E
4621,I244F
4622,I244G
4623,I244H
4624,I244K
4625,I244L
4626,I244M
4627,I244N
4628,I244P
4629,I244Q
4630,I244R
4631,I244S
4632,I244T
4633,I244V
4634,I244W
4635,I244Y
4636,P245A
4637,P245C
4638,P245D
4639,P245E
4640,P245F
4641,P245G
4642,P245H
4643,P245I
4644,P245K
4645,P245L
4646,P245M
4647,P245N
4648,P245Q
4649,P245R
4650,P245S
4651,P245T
4652,P245V
4653,P245W
4654,P245Y
4655,G246A
4656,G246C
4657,G246D
4658,G246E
4659,G246F
4660,G246H
4661,G246I
4662,G246K
4663,G246L
4664,G246M
4665,G246N
4666,G246P
4667,G246Q
4668,G246R
4669,G246S
4670,G246T
4671,G246V
4672,G246W
4673,G246Y
4674,A247C
4675,A247D
4676,A247E
4677,A247F
4678,A247G
4679,A247H
4680,A247I
4681,A247K
4682,A247L
4683,A247M
4684,A247N
4685,A247P
4686,A247Q
4687,A247R
4688,A247S
4689,A247T
4690,A247V
4691,A247W
4692,A247Y
4693,V248A
4694,V248C
4695,V248D
4696,V248E
4697,V248F
4698,V248G
4699,V248H
4700,V248I
4701,V248K
4702,V248L
4703,V248M
4704,V248N
4705,V248P
4706,V248Q
4707,V248R
4708,V248S
4709,V248T
4710,V248W
4711,V248Y
4712,L249A
4713,L249C
4714,L249D
4715,L249E
4716,L249F
4717,L249G
4718,L249H
4719,L249I
4720,L249K
4721,L249M
4722,L249N
4723,L249P
4724,L249Q
4725,L249R
4726,L249S
4727,L249T
4728,L249V
4729,L249W
4730,L249Y
4731,D250A
4732,D250C
4733,D250E
4734,D250F
4735,D250G
4736,D250H
4737,D250I
4738,D250K
4739,D250L
4740,D250M
4741,D250N
4742,D250P
4743,D250Q
4744,D250R
4745,D250S
4746,D250T
4747,D250V
4748,D250W
4749,D250Y
4750,S251A
4751,S251C
4752,S251D
4753,S251E
4754,S251F
4755,S251G
4756,S251H
4757,S251I
4758,S251K
4759,S251L
4760,S251M
4761,S251N
4762,S251P
4763,S251Q
4764,S251R
4765,S251T
4766,S251V
4767,S251W
4768,S251Y
4769,A252C
4770,A252D
4771,A252E
4772,A252F
4773,A252G
4774,A252H
4775,A252I
4776,A252K
4777,A252L
4778,A252M
4779,A252N
4780,A252P
4781,A252Q
4782,A252R
4783,A252S
4784,A252T
4785,A252V
4786,A252W
4787,A252Y
4788,V253A
4789,V253C
4790,V253D
4791,V253E
4792,V253F
4793,V253G
4794,V253H
4795,V253I
4796,V253K
4797,V253L
4798,V253M
4799,V253N
4800,V253P
4801,V253Q
4802,V253R
4803,V253S
4804,V253T
4805,V253W
4806,V253Y
4807,H254A
4808,H254C
4809,H254D
4810,H254E
4811,H254F
4812,H254G
4813,H254I
4814,H254K
4815,H254L
4816,H254M
4817,H254N
4818,H254P
4819,H254Q
4820,H254R
4821,H254S
4822,H254T
4823,H254V
4824,H254W
4825,H254Y
4826,Q255A
4827,Q255C
4828,Q255D
4829,Q255E
4830,Q255F
4831,Q255G
4832,Q255H
4833,Q255I
4834,Q255K
4835,Q255L
4836,Q255M
4837,Q255N
4838,Q255P
4839,Q255R
4840,Q255S
4841,Q255T
4842,Q255V
4843,Q255W
4844,Q255Y
4845,P256A
4846,P256C
4847,P256D
4848,P256E
4849,P256F
4850,P256G
4851,P256H
4852,P256I
4853,P256K
4854,P256L
4855,P256M
4856,P256N
4857,P256Q
4858,P256R
4859,P256S
4860,P256T
4861,P256V
4862,P256W
4863,P256Y
4864,P257A
4865,P257C
4866,P257D
4867,P257E
4868,P257F
4869,P257G
4870,P257H
4871,P257I
4872,P257K
4873,P257L
4874,P257M
4875,P257N
4876,P257Q
4877,P257R
4878,P257S
4879,P257T
4880,P257V
4881,P257W
4882,P257Y
4883,A258C
4884,A258D
4885,A258E
4886,A258F
4887,A258G
4888,A258H
4889,A258I
4890,A258K
4891,A258L
4892,A258M
4893,A258N
4894,A258P
4895,A258Q
4896,A258R
4897,A258S
4898,A258T
4899,A258V
4900,A258W
4901,A258Y
4902,L259A
4903,L259C
4904,L259D
4905,L259E
4906,L259F
4907,L259G
4908,L259H
4909,L259I
4910,L259K
4911,L259M
4912,L259N
4913,L259P
4914,L259Q
4915,L259R
4916,L259S
4917,L259T
4918,L259V
4919,L259W
4920,L259Y
4921,H260A
4922,H260C
4923,H260D
4924,H260E
4925,H260F
4926,H260G
4927,H260I
4928,H260K
4929,H260L
4930,H260M
4931,H260N
4932,H260P
4933,H260Q
4934,H260R
4935,H260S
4936,H260T
4937,H260V
4938,H260W
4939,H260Y
4940,N261A
4941,N261C
4942,N261D
4943,N261E
4944,N261F
4945,N261G
4946,N261H
4947,N261I
4948,N261K
4949,N261L
4950,N261M
4951,N261P
4952,N261Q
4953,N261R
4954,N261S
4955,N261T
4956,N261V
4957,N261W
4958,N261Y
4959,V262A
4960,V262C
4961,V262D
4962,V262E
4963,V262F
4964,V262G
4965,V262H
4966,V262I
4967,V262K
4968,V262L
4969,V262M
4970,V262N
4971,V262P
4972,V262Q
4973,V262R
4974,V262S
4975,V262T
4976,V262W
4977,V262Y
4978,P263A
4979,P263C
4980,P263D
4981,P263E
4982,P263F
4983,P263G
4984,P263H
4985,P263I
4986,P263K
4987,P263L
4988,P263M
4989,P263N
4990,P263Q
4991,P263R
4992,P263S
4993,P263T
4994,P263V
4995,P263W
4996,P263Y
4997,E264A
4998,E264C
4999,E264D
5000,E264F
5001,E264G
5002,E264H
5003,E264I
5004,E264K
5005,E264L
5006,E264M
5007,E264N
5008,E264P
5009,E264Q
5010,E264R
5011,E264S
5012,E264T
5013,E264V
5014,E264W
5015,E264Y
5016,T265A
5017,T265C
5018,T265D
5019,T265E
5020,T265F
5021,T265G
5022,T265H
5023,T265I
5024,T265K
5025,T265L
5026,T265M
5027,T265N
5028,T265P
5029,T265Q
5030,T265R
5031,T265S
5032,T265V
5033,T265W
5034,T265Y
5035,K266A
5036,K266C
5037,K266D
5038,K266E
5039,K266F
5040,K266G
5041,K266H
5042,K266I
5043,K266L
5044,K266M
5045,K266N
5046,K266P
5047,K266Q
5048,K266R
5049,K266S
5050,K266T
5051,K266V
5052,K266W
5053,K266Y
5054,I267A
5055,I267C
5056,I267D
5057,I267E
5058,I267F
5059,I267G
5060,I267H
5061,I267K
5062,I267L
5063,I267M
5064,I267N
5065,I267P
5066,I267Q
5067,I267R
5068,I267S
5069,I267T
5070,I267V
5071,I267W
5072,I267Y
5073,Q268A
5074,Q268C
5075,Q268D
5076,Q268E
5077,Q268F
5078,Q268G
5079,Q268H
5080,Q268I
5081,Q268K
5082,Q268L
5083,Q268M
5084,Q268N
5085,Q268P
5086,Q268R
5087,Q268S
5088,Q268T
5089,Q268V
5090,Q268W
5091,Q268Y
5092,L269A
5093,L269C
5094,L269D
5095,L269E
5096,L269F
5097,L269G
5098,L269H
5099,L269I
5100,L269K
5101,L269M
5102,L269N
5103,L269P
5104,L269Q
5105,L269R
5106,L269S
5107,L269T
5108,L269V
5109,L269W
5110,L269Y
5111,T270A
5112,T270C
5113,T270D
5114,T270E
5115,T270F
5116,T270G
5117,T270H
5118,T270I
5119,T270K
5120,T270L
5121,T270M
5122,T270N
5123,T270P
5124,T270Q
5125,T270R
5126,T270S
5127,T270V
5128,T270W
5129,T270Y
5130,E271A
5131,E271C
5132,E271D
5133,E271F
5134,E271G
5135,E271H
5136,E271I
5137,E271K
5138,E271L
5139,E271M
5140,E271N
5141,E271P
5142,E271Q
5143,E271R
5144,E271S
5145,E271T
5146,E271V
5147,E271W
5148,E271Y
5149,V272A
5150,V272C
5151,V272D
5152,V272E
5153,V272F
5154,V272G
5155,V272H
5156,V272I
5157,V272K
5158,V272L
5159,V272M
5160,V272N
5161,V272P
5162,V272Q
5163,V272R
5164,V272S
5165,V272T
5166,V272W
5167,V272Y
5168,K273A
5169,K273C
5170,K273D
5171,K273E
5172,K273F
5173,K273G
5174,K273H
5175,K273I
5176,K273L
5177,K273M
5178,K273N
5179,K273P
5180,K273Q
5181,K273R
5182,K273S
5183,K273T
5184,K273V
5185,K273W
5186,K273Y
5187,S274A
5188,S274C
5189,S274D
5190,S274E
5191,S274F
5192,S274G
5193,S274H
5194,S274I
5195,S274K
5196,S274L
5197,S274M
5198,S274N
5199,S274P
5200,S274Q
5201,S274R
5202,S274T
5203,S274V
5204,S274W
5205,S274Y
5206,Q275A
5207,Q275C
5208,Q275D
5209,Q275E
5210,Q275F
5211,Q275G
5212,Q275H
5213,Q275I
5214,Q275K
5215,Q275L
5216,Q275M
5217,Q275N
5218,Q275P
5219,Q275R
5220,Q275S
5221,Q275T
5222,Q275V
5223,Q275W
5224,Q275Y
5225,N276A
5226,N276C
5227,N276D
5228,N276E
5229,N276F
5230,N276G
5231,N276H
5232,N276I
5233,N276K
5234,N276L
5235,N276M
5236,N276P
5237,N276Q
5238,N276R
5239,N276S
5240,N276T
5241,N276V
5242,N276W
5243,N276Y
5244,M277A
5245,M277C
5246,M277D
5247,M277E
5248,M277F
5249,M277G
5250,M277H
5251,M277I
5252,M277K
5253,M277L
5254,M277N
5255,M277P
5256,M277Q
5257,M277R
5258,M277S
5259,M277T
5260,M277V
5261,M277W
5262,M277Y
5263,T278A
5264,T278C
5265,T278D
5266,T278E
5267,T278F
5268,T278G
5269,T278H
5270,T278I
5271,T278K
5272,T278L
5273,T278M
5274,T278N
5275,T278P
5276,T278Q
5277,T278R
5278,T278S
5279,T278V
5280,T278W
5281,T278Y
5282,D279A
5283,D279C
5284,D279E
5285,D279F
5286,D279G
5287,D279H
5288,D279I
5289,D279K
5290,D279L
5291,D279M
5292,D279N
5293,D279P
5294,D279Q
5295,D279R
5296,D279S
5297,D279T
5298,D279V
5299,D279W
5300,D279Y
5301,P280A
5302,P280C
5303,P280D
5304,P280E
5305,P280F
5306,P280G
5307,P280H
5308,P280I
5309,P280K
5310,P280L
5311,P280M
5312,P280N
5313,P280Q
5314,P280R
5315,P280S
5316,P280T
5317,P280V
5318,P280W
5319,P280Y
5320,K281A
5321,K281C
5322,K281D
5323,K281E
5324,K281F
5325,K281G
5326,K281H
5327,K281I
5328,K281L
5329,K281M
5330,K281N
5331,K281P
5332,K281Q
5333,K281R
5334,K281S
5335,K281T
5336,K281V
5337,K281W
5338,K281Y
5339,D282A
5340,D282C
5341,D282E
5342,D282F
5343,D282G
5344,D282H
5345,D282I
5346,D282K
5347,D282L
5348,D282M
5349,D282N
5350,D282P
5351,D282Q
5352,D282R
5353,D282S
5354,D282T
5355,D282V
5356,D282W
5357,D282Y
5358,Q283A
5359,Q283C
5360,Q283D
5361,Q283E
5362,Q283F
5363,Q283G
5364,Q283H
5365,Q283I
5366,Q283K
5367,Q283L
5368,Q283M
5369,Q283N
5370,Q283P
5371,Q283R
5372,Q283S
5373,Q283T
5374,Q283V
5375,Q283W
5376,Q283Y
5377,I284A
5378,I284C
5379,I284D
5380,I284E
5381,I284F
5382,I284G
5383,I284H
5384,I284K
5385,I284L
5386,I284M
5387,I284N
5388,I284P
5389,I284Q
5390,I284R
5391,I284S
5392,I284T
5393,I284V
5394,I284W
5395,I284Y
5396,N285A
5397,N285C
5398,N285D
5399,N285E
5400,N285F
5401,N285G
5402,N285H
5403,N285I
5404,N285K
5405,N285L
5406,N285M
5407,N285P
5408,N285Q
5409,N285R
5410,N285S
5411,N285T
5412,N285V
5413,N285W
5414,N285Y
5415,K286A
5416,K286C
5417,K286D
5418,K286E
5419,K286F
5420,K286G
5421,K286H
5422,K286I
5423,K286L
5424,K286M
5425,K286N
5426,K286P
5427,K286Q
5428,K286R
5429,K286S
5430,K286T
5431,K286V
5432,K286W
5433,K286Y
5434,D287A
5435,D287C
5436,D287E
5437,D287F
5438,D287G
5439,D287H
5440,D287I
5441,D287K
5442,D287L
5443,D287M
5444,D287N
5445,D287P
5446,D287Q
5447,D287R
5448,D287S
5449,D287T
5450,D287V
5451,D287W
5452,D287Y
5453,V288A
5454,V288C
5455,V288D
5456,V288E
5457,V288F
5458,V288G
5459,V288H
5460,V288I
5461,V288K
5462,V288L
5463,V288M
5464,V288N
5465,V288P
5466,V288Q
5467,V288R
5468,V288S
5469,V288T
5470,V288W
5471,V288Y
5472,Q289A
5473,Q289C
5474,Q289D
5475,Q289E
5476,Q289F
5477,Q289G
5478,Q289H
5479,Q289I
5480,Q289K
5481,Q289L
5482,Q289M
5483,Q289N
5484,Q289P
5485,Q289R
5486,Q289S
5487,Q289T
5488,Q289V
5489,Q289W
5490,Q289Y
5491,K290A
5492,K290C
5493,K290D
5494,K290E
5495,K290F
5496,K290G
5497,K290H
5498,K290I
5499,K290L
5500,K290M
5501,K290N
5502,K290P
5503,K290Q
5504,K290R
5505,K290S
5506,K290T
5507,K290V
5508,K290W
5509,K290Y
5510,Q291A
5511,Q291C
5512,Q291D
5513,Q291E
5514,Q291F
5515,Q291G
5516,Q291H
5517,Q291I
5518,Q291K
5519,Q291L
5520,Q291M
5521,Q291N
5522,Q291P
5523,Q291R
5524,Q291S
5525,Q291T
5526,Q291V
5527,Q291W
5528,Q291Y
5529,S292A
5530,S292C
5531,S292D
5532,S292E
5533,S292F
5534,S292G
5535,S292H
5536,S292I
5537,S292K
5538,S292L
5539,S292M
5540,S292N
5541,S292P
5542,S292Q
5543,S292R
5544,S292T
5545,S292V
5546,S292W
5547,S292Y
5548,Q293A
5549,Q293C
5550,Q293D
5551,Q293E
5552,Q293F
5553,Q293G
5554,Q293H
5555,Q293I
5556,Q293K
5557,Q293L
5558,Q293M
5559,Q293N
5560,Q293P
5561,Q293R
5562,Q293S
5563,Q293T
5564,Q293V
5565,Q293W
5566,Q293Y
5567,V294A
5568,V294C
5569,V294D
5570,V294E
5571,V294F
5572,V294G
5573,V294H
5574,V294I
5575,V294K
5576,V294L
5577,V294M
5578,V294N
5579,V294P
5580,V294Q
5581,V294R
5582,V294S
5583,V294T
5584,V294W
5585,V294Y
